user,latitud,longitud,pot_db,fecha,imsi,test_name
andres,-17.392618,-66.158907,0.0,2021-10-20 23:55:33.339719+00:00,736030057419257,
andres,-17.392434,-66.157813,2.0714285714285716,2021-10-20 23:55:33.339719+00:00,736030057419257,
andres,-17.392233,-66.156706,4.142857142857143,2021-10-20 23:55:33.339719+00:00,736030057419257,
andres,-17.392059,-66.155604,6.214285714285714,2021-10-20 23:55:33.324093+00:00,736030057419257,
andres,-17.391905,-66.154587,8.285714285714286,2021-10-20 23:55:33.324093+00:00,736030057419257,
andres,-17.391725,-66.153404,10.357142857142858,2021-10-20 23:55:33.324093+00:00,736030057419257,
andres,-17.391528,-66.15231,27.75714285714286,2021-10-20 23:55:33.317586+00:00,736030057419257,
andres,-17.39355,-66.158654,12.428571428571429,2021-10-20 23:55:33.317586+00:00,736030057419257,
andres,-17.393413,-66.157615,10.357142857142858,2021-10-20 23:55:33.301960+00:00,736030057419257,
andres,-17.393236,-66.156545,8.285714285714286,2021-10-20 23:55:33.301960+00:00,736030057419257,
andres,-17.393029,-66.155413,6.214285714285714,2021-10-20 23:55:33.301960+00:00,736030057419257,
andres,-17.392827,-66.154366,4.142857142857143,2021-10-20 23:55:33.286334+00:00,736030057419257,
andres,-17.392628,-66.153214,2.0714285714285716,2021-10-20 23:55:33.286334+00:00,736030057419257,
andres,-17.392456,-66.152166,0.0,2021-10-20 23:55:33.286334+00:00,736030057419257,
andres,-17.35689,-66.200144,0.0,2021-10-20 23:55:33.286334+00:00,736030057419257,
andres,-17.356886,-66.20014,0.0,2021-10-20 23:55:33.270708+00:00,736030057419257,
andres,-17.356884,-66.200133,0.0,2021-10-20 23:55:33.270708+00:00,736030057419257,
andres,-17.336536,-66.223237,20.3,2021-10-20 23:55:33.270708+00:00,736010912233332,
andres,-17.336156,-66.224767,19.057142857142857,2021-10-20 23:55:33.255082+00:00,736010912233332,
andres,-17.336062,-66.225135,22.371428571428574,2021-10-20 23:55:33.255082+00:00,736010912233332,
andres,-17.335832,-66.225924,21.542857142857144,2021-10-20 23:55:33.239455+00:00,736010912233332,
andres,-17.335527,-66.226207,25.271428571428572,2021-10-20 23:55:33.223830+00:00,736010912233332,
andres,-17.335084,-66.226185,27.342857142857145,2021-10-20 23:55:33.223830+00:00,736010912233332,
andres,-17.334795,-66.226178,26.1,2021-10-20 23:55:33.223830+00:00,736010912233332,
andres,-17.334179,-66.226161,25.685714285714287,2021-10-20 23:55:33.204201+00:00,736010912233332,
andres,-17.333854,-66.226138,27.342857142857145,2021-10-20 23:55:33.204201+00:00,736010912233332,
andres,-17.333497,-66.226124,24.857142857142858,2021-10-20 23:55:33.203065+00:00,736010912233332,
andres,-17.333213,-66.226112,25.271428571428572,2021-10-20 23:55:33.186314+00:00,736010912233332,
andres,-17.333101,-66.226189,26.92857142857143,2021-10-20 23:55:33.186314+00:00,736010912233332,
andres,-17.333072,-66.226439,24.02857142857143,2021-10-20 23:55:33.186314+00:00,736010912233332,
andres,-17.333303,-66.226644,20.714285714285715,2021-10-20 23:55:33.186314+00:00,736010912233332,
andres,-17.333615,-66.226603,21.95714285714286,2021-10-20 23:55:33.170688+00:00,736010912233332,
andres,-17.333644,-66.226588,22.371428571428574,2021-10-20 23:55:33.170688+00:00,736010912233332,
andres,-17.33376,-66.226397,23.200000000000003,2021-10-20 23:55:33.170688+00:00,736010912233332,
andres,-17.333988,-66.226219,24.442857142857143,2021-10-20 23:55:33.170688+00:00,736010912233332,
andres,-17.33719,-66.226493,26.1,2021-10-20 23:55:33.155063+00:00,736010912233332,
andres,-17.337073,-66.226868,21.12857142857143,2021-10-20 23:55:33.155063+00:00,736010912233332,
andres,-17.336145,-66.229187,18.642857142857142,2021-10-20 23:55:33.155063+00:00,736010912233332,
andres,-17.336064,-66.229892,19.47142857142857,2021-10-20 23:55:33.139435+00:00,736010912233332,
andres,-17.336114,-66.23051,19.47142857142857,2021-10-20 23:55:33.139435+00:00,736010912233332,
andres,-17.336205,-66.231065,17.400000000000002,2021-10-20 23:55:33.139435+00:00,736010912233332,
andres,-17.336249,-66.231566,14.914285714285715,2021-10-20 23:55:33.139435+00:00,736010912233332,
andres,-17.336301,-66.232217,15.32857142857143,2021-10-20 23:55:33.123811+00:00,736010912233332,
andres,-17.336325,-66.23271,15.742857142857144,2021-10-20 23:55:33.123811+00:00,736010912233332,
andres,-17.336339,-66.233275,15.742857142857144,2021-10-20 23:55:33.123811+00:00,736010912233332,
andres,-17.336327,-66.233721,16.985714285714288,2021-10-20 23:55:33.123811+00:00,736010912233332,
andres,-17.336333,-66.234022,15.742857142857144,2021-10-20 23:55:33.117303+00:00,736010912233332,
andres,-17.336391,-66.234512,12.842857142857143,2021-10-20 23:55:33.101677+00:00,736010912233332,
andres,-17.336448,-66.234883,14.500000000000002,2021-10-20 23:55:33.101677+00:00,736010912233332,
andres,-17.336513,-66.235446,15.742857142857144,2021-10-20 23:55:33.101677+00:00,736010912233332,
andres,-17.336617,-66.236176,13.671428571428573,2021-10-20 23:55:33.101677+00:00,736010912233332,
andres,-17.336794,-66.236614,12.428571428571429,2021-10-20 23:55:33.086052+00:00,736010912233332,
andres,-17.3369,-66.237025,13.257142857142858,2021-10-20 23:55:33.086052+00:00,736010912233332,
andres,-17.337042,-66.237509,14.500000000000002,2021-10-20 23:55:33.086052+00:00,736010912233332,
andres,-17.337255,-66.23815,14.914285714285715,2021-10-20 23:55:33.070425+00:00,736010912233332,
andres,-17.337201,-66.238448,16.985714285714288,2021-10-20 23:55:33.070425+00:00,736010912233332,
andres,-17.336804,-66.238372,16.571428571428573,2021-10-20 23:55:33.070425+00:00,736010912233332,
andres,-17.335983,-66.238156,16.985714285714288,2021-10-20 23:55:33.070425+00:00,736010912233332,
andres,-17.335624,-66.238066,14.085714285714287,2021-10-20 23:55:33.054799+00:00,736010912233332,
andres,-17.335202,-66.237942,15.32857142857143,2021-10-20 23:55:33.054799+00:00,736010912233332,
andres,-17.334847,-66.237848,14.914285714285715,2021-10-20 23:55:33.054799+00:00,736010912233332,
andres,-17.334274,-66.237699,16.15714285714286,2021-10-20 23:55:33.054799+00:00,736010912233332,
andres,-17.333948,-66.237594,15.742857142857144,2021-10-20 23:55:33.039173+00:00,736010912233332,
andres,-17.333606,-66.237505,13.257142857142858,2021-10-20 23:55:33.039173+00:00,736010912233332,
andres,-17.332841,-66.237366,12.014285714285714,2021-10-20 23:55:33.039173+00:00,736010912233332,
andres,-17.332504,-66.237793,15.742857142857144,2021-10-20 23:55:33.023548+00:00,736010912233332,
andres,-17.330887,-66.240475,12.428571428571429,2021-10-20 23:55:33.023548+00:00,736010912233332,
andres,-17.330458,-66.240477,11.185714285714287,2021-10-20 23:55:33.023548+00:00,736010912233332,
andres,-17.329615,-66.241636,12.842857142857143,2021-10-20 23:55:33.023548+00:00,736010912233332,
andres,-17.329624,-66.241643,29.0,2021-10-20 23:55:33.017042+00:00,736010912233332,
andres,-17.329524,-66.241769,0.0,2021-10-20 23:55:33.017042+00:00,736010912233332,
andres,-17.329531,-66.241767,10.771428571428572,2021-10-20 23:55:33.001416+00:00,736010912233332,
andres,-17.329533,-66.24177,10.771428571428572,2021-10-20 23:55:33.001416+00:00,736010912233332,
andres,-17.329503,-66.241841,29.0,2021-10-20 23:55:33.001416+00:00,736010912233332,
andres,-17.329275,-66.242347,14.914285714285715,2021-10-20 23:55:33.001416+00:00,736010912233332,
andres,-17.329228,-66.24262,12.428571428571429,2021-10-20 23:55:32.985790+00:00,736010912233332,
andres,-17.32901,-66.243724,29.0,2021-10-20 23:55:32.985790+00:00,736010912233332,
andres,-17.328969,-66.244119,29.0,2021-10-20 23:55:32.985790+00:00,736010912233332,
andres,-17.328903,-66.244599,29.0,2021-10-20 23:55:32.970169+00:00,736010912233332,
andres,-17.328795,-66.245356,29.0,2021-10-20 23:55:32.970169+00:00,736010912233332,
andres,-17.328712,-66.245992,28.171428571428574,2021-10-20 23:55:32.970169+00:00,736010912233332,
andres,-17.328667,-66.246222,27.342857142857145,2021-10-20 23:55:32.970169+00:00,736010912233332,
andres,-17.328649,-66.24647,15.32857142857143,2021-10-20 23:55:32.954514+00:00,736010912233332,
andres,-17.328679,-66.246534,13.257142857142858,2021-10-20 23:55:32.954514+00:00,736010912233332,
andres,-17.328723,-66.2467,14.500000000000002,2021-10-20 23:55:32.954514+00:00,736010912233332,
andres,-17.328989,-66.247212,14.085714285714287,2021-10-20 23:55:32.954514+00:00,736010912233332,
andres,-17.329758,-66.248051,13.257142857142858,2021-10-20 23:55:32.938890+00:00,736010912233332,
andres,-17.330474,-66.248766,9.942857142857143,2021-10-20 23:55:32.938890+00:00,736010912233332,
andres,-17.330881,-66.249192,12.842857142857143,2021-10-20 23:55:32.923262+00:00,736010912233332,
andres,-17.331267,-66.249605,13.671428571428573,2021-10-20 23:55:32.923262+00:00,736010912233332,
andres,-17.331545,-66.249824,13.671428571428573,2021-10-20 23:55:32.923262+00:00,736010912233332,
andres,-17.331988,-66.250131,14.500000000000002,2021-10-20 23:55:32.923262+00:00,736010912233332,
andres,-17.332234,-66.250579,19.47142857142857,2021-10-20 23:55:32.916754+00:00,736010912233332,
andres,-17.332541,-66.251566,16.571428571428573,2021-10-20 23:55:32.901129+00:00,736010912233332,
andres,-17.332788,-66.252219,14.914285714285715,2021-10-20 23:55:32.901129+00:00,736010912233332,
andres,-17.333269,-66.253373,14.500000000000002,2021-10-20 23:55:32.901129+00:00,736010912233332,
andres,-17.333478,-66.253684,21.12857142857143,2021-10-20 23:55:32.901129+00:00,736010912233332,
andres,-17.334352,-66.254766,15.32857142857143,2021-10-20 23:55:32.885502+00:00,736010912233332,
andres,-17.334818,-66.255386,16.985714285714288,2021-10-20 23:55:32.885502+00:00,736010912233332,
andres,-17.335334,-66.256048,18.642857142857142,2021-10-20 23:55:32.885502+00:00,736010912233332,
andres,-17.335592,-66.256585,17.400000000000002,2021-10-20 23:55:32.869878+00:00,736010912233332,
andres,-17.335753,-66.257021,19.057142857142857,2021-10-20 23:55:32.869878+00:00,736010912233332,
andres,-17.335844,-66.257258,18.22857142857143,2021-10-20 23:55:32.869878+00:00,736010912233332,
andres,-17.335984,-66.257667,18.22857142857143,2021-10-20 23:55:32.854251+00:00,736010912233332,
andres,-17.33611,-66.258066,21.12857142857143,2021-10-20 23:55:32.854251+00:00,736010912233332,
andres,-17.336221,-66.258549,24.02857142857143,2021-10-20 23:55:32.854251+00:00,736010912233332,
andres,-17.336269,-66.258904,22.371428571428574,2021-10-20 23:55:32.854251+00:00,736010912233332,
andres,-17.336321,-66.259426,24.02857142857143,2021-10-20 23:55:32.838624+00:00,736010912233332,
andres,-17.336357,-66.259854,24.442857142857143,2021-10-20 23:55:32.838624+00:00,736010912233332,
andres,-17.336406,-66.260317,24.857142857142858,2021-10-20 23:55:32.838624+00:00,736010912233332,
andres,-17.336396,-66.260737,24.02857142857143,2021-10-20 23:55:32.822999+00:00,736010912233332,
andres,-17.336413,-66.261212,24.442857142857143,2021-10-20 23:55:32.822999+00:00,736010912233332,
andres,-17.336433,-66.261487,22.371428571428574,2021-10-20 23:55:32.822999+00:00,736010912233332,
andres,-17.336686,-66.261951,22.371428571428574,2021-10-20 23:55:32.822999+00:00,736010912233332,
andres,-17.336897,-66.262299,23.614285714285717,2021-10-20 23:55:32.816492+00:00,736010912233332,
andres,-17.337041,-66.262507,23.200000000000003,2021-10-20 23:55:32.816492+00:00,736010912233332,
andres,-17.337288,-66.262874,26.514285714285716,2021-10-20 23:55:32.800866+00:00,736010912233332,
andres,-17.337582,-66.26324,24.442857142857143,2021-10-20 23:55:32.800866+00:00,736010912233332,
andres,-17.337688,-66.263541,23.614285714285717,2021-10-20 23:55:32.800866+00:00,736010912233332,
andres,-17.337768,-66.263855,27.75714285714286,2021-10-20 23:55:32.800866+00:00,736010912233332,
andres,-17.337785,-66.264495,21.95714285714286,2021-10-20 23:55:32.785240+00:00,736010912233332,
andres,-17.337765,-66.264991,22.371428571428574,2021-10-20 23:55:32.785240+00:00,736010912233332,
andres,-17.337792,-66.265485,26.92857142857143,2021-10-20 23:55:32.785240+00:00,736010912233332,
andres,-17.337765,-66.266127,26.92857142857143,2021-10-20 23:55:32.769614+00:00,736010912233332,
andres,-17.337752,-66.266672,29.0,2021-10-20 23:55:32.753988+00:00,736010912233332,
andres,-17.337712,-66.267145,26.514285714285716,2021-10-20 23:55:32.716229+00:00,736010912233332,
andres,-17.337468,-66.267894,19.885714285714286,2021-10-20 23:55:32.684977+00:00,736010912233332,
andres,-17.337214,-66.268288,23.614285714285717,2021-10-20 23:55:32.638099+00:00,736010912233332,
andres,-17.336904,-66.26842,16.15714285714286,2021-10-20 23:55:32.584711+00:00,736010912233332,
andres,-17.336314,-66.268427,20.3,2021-10-20 23:55:32.584711+00:00,736010912233332,
andres,-17.336105,-66.268424,21.542857142857144,2021-10-20 23:55:32.569085+00:00,736010912233332,
andres,-17.336206,-66.268256,22.371428571428574,2021-10-20 23:55:32.569085+00:00,736010912233332,
andres,-17.336191,-66.267439,19.47142857142857,2021-10-20 23:55:32.569085+00:00,736010912233332,
andres,-17.336143,-66.267088,24.02857142857143,2021-10-20 23:55:32.553459+00:00,736010912233332,
andres,-17.33644,-66.266868,27.75714285714286,2021-10-20 23:55:32.553459+00:00,736010912233332,
andres,-17.336823,-66.266885,25.685714285714287,2021-10-20 23:55:32.553459+00:00,736010912233332,
andres,-17.337321,-66.266898,26.514285714285716,2021-10-20 23:55:32.553459+00:00,736010912233332,
andres,-17.337796,-66.266903,24.02857142857143,2021-10-20 23:55:32.537834+00:00,736010912233332,
andres,-17.338233,-66.266936,26.1,2021-10-20 23:55:32.537834+00:00,736010912233332,
andres,-17.338522,-66.266939,24.857142857142858,2021-10-20 23:55:32.537834+00:00,736010912233332,
andres,-17.338586,-66.266923,25.685714285714287,2021-10-20 23:55:32.522208+00:00,736010912233332,
andres,-17.339156,-66.266929,24.02857142857143,2021-10-20 23:55:32.522208+00:00,736010912233332,
andres,-17.339837,-66.266944,27.342857142857145,2021-10-20 23:55:32.522208+00:00,736010912233332,
andres,-17.340515,-66.266993,28.171428571428574,2021-10-20 23:55:32.522208+00:00,736010912233332,
andres,-17.341016,-66.267192,26.1,2021-10-20 23:55:32.515700+00:00,736010912233332,
andres,-17.341409,-66.267383,27.75714285714286,2021-10-20 23:55:32.500074+00:00,736010912233332,
andres,-17.342267,-66.26739,27.342857142857145,2021-10-20 23:55:32.500074+00:00,736010912233332,
andres,-17.343462,-66.26814,26.1,2021-10-20 23:55:32.500074+00:00,736010912233332,
andres,-17.343898,-66.268352,22.371428571428574,2021-10-20 23:55:32.500074+00:00,736010912233332,
andres,-17.344482,-66.268434,24.442857142857143,2021-10-20 23:55:32.484449+00:00,736010912233332,
andres,-17.345265,-66.268515,21.12857142857143,2021-10-20 23:55:32.484449+00:00,736010912233332,
andres,-17.345808,-66.268436,20.3,2021-10-20 23:55:32.484449+00:00,736010912233332,
andres,-17.346376,-66.268355,23.614285714285717,2021-10-20 23:55:32.468821+00:00,736010912233332,
andres,-17.347033,-66.268264,25.271428571428572,2021-10-20 23:55:32.468821+00:00,736010912233332,
andres,-17.348087,-66.268145,22.371428571428574,2021-10-20 23:55:32.468821+00:00,736010912233332,
andres,-17.3488,-66.26813,17.400000000000002,2021-10-20 23:55:32.453196+00:00,736010912233332,
andres,-17.34931,-66.268128,16.15714285714286,2021-10-20 23:55:32.453196+00:00,736010912233332,
andres,-17.350114,-66.268255,14.914285714285715,2021-10-20 23:55:32.437569+00:00,736010912233332,
andres,-17.35015,-66.268605,14.914285714285715,2021-10-20 23:55:32.437569+00:00,736010912233332,
andres,-17.35018,-66.269156,16.985714285714288,2021-10-20 23:55:32.421944+00:00,736010912233332,
andres,-17.350241,-66.27013,14.914285714285715,2021-10-20 23:55:32.421944+00:00,736010912233332,
andres,-17.350229,-66.270473,17.814285714285717,2021-10-20 23:55:32.421944+00:00,736010912233332,
andres,-17.350218,-66.271006,16.15714285714286,2021-10-20 23:55:32.399810+00:00,736010912233332,
andres,-17.350199,-66.271413,16.15714285714286,2021-10-20 23:55:32.399810+00:00,736010912233332,
andres,-17.350289,-66.272525,18.642857142857142,2021-10-20 23:55:32.384184+00:00,736010912233332,
andres,-17.350558,-66.272952,18.642857142857142,2021-10-20 23:55:32.368558+00:00,736010912233332,
andres,-17.350962,-66.272849,20.3,2021-10-20 23:55:32.368558+00:00,736010912233332,
andres,-17.351321,-66.272705,20.3,2021-10-20 23:55:32.352933+00:00,736010912233332,
andres,-17.35168,-66.272597,18.22857142857143,2021-10-20 23:55:32.352933+00:00,736010912233332,
andres,-17.351981,-66.272469,17.400000000000002,2021-10-20 23:55:32.352933+00:00,736010912233332,
andres,-17.352451,-66.272458,14.914285714285715,2021-10-20 23:55:32.337306+00:00,736010912233332,
andres,-17.352828,-66.272703,17.400000000000002,2021-10-20 23:55:32.337306+00:00,736010912233332,
andres,-17.353071,-66.273026,17.400000000000002,2021-10-20 23:55:32.337306+00:00,736010912233332,
andres,-17.353623,-66.273461,15.742857142857144,2021-10-20 23:55:32.321679+00:00,736010912233332,
andres,-17.354515,-66.274112,18.642857142857142,2021-10-20 23:55:32.321679+00:00,736010912233332,
andres,-17.354902,-66.27425,15.32857142857143,2021-10-20 23:55:32.321679+00:00,736010912233332,
andres,-17.355318,-66.274328,14.914285714285715,2021-10-20 23:55:32.299546+00:00,736010912233332,
andres,-17.355927,-66.274473,17.400000000000002,2021-10-20 23:55:32.299546+00:00,736010912233332,
andres,-17.356423,-66.274467,19.47142857142857,2021-10-20 23:55:32.299546+00:00,736010912233332,
andres,-17.356859,-66.274587,19.885714285714286,2021-10-20 23:55:32.283920+00:00,736010912233332,
andres,-17.357335,-66.274795,19.47142857142857,2021-10-20 23:55:32.283920+00:00,736010912233332,
andres,-17.357752,-66.274925,17.814285714285717,2021-10-20 23:55:32.283920+00:00,736010912233332,
andres,-17.358238,-66.275041,14.914285714285715,2021-10-20 23:55:32.268294+00:00,736010912233332,
andres,-17.358773,-66.275078,13.257142857142858,2021-10-20 23:55:32.268294+00:00,736010912233332,
andres,-17.359291,-66.275039,13.671428571428573,2021-10-20 23:55:32.268294+00:00,736010912233332,
andres,-17.359854,-66.275057,15.32857142857143,2021-10-20 23:55:32.252669+00:00,736010912233332,
andres,-17.360162,-66.275075,14.085714285714287,2021-10-20 23:55:32.252669+00:00,736010912233332,
andres,-17.360488,-66.275151,11.185714285714287,2021-10-20 23:55:32.252669+00:00,736010912233332,
andres,-17.361069,-66.275261,14.500000000000002,2021-10-20 23:55:32.252669+00:00,736010912233332,
andres,-17.361538,-66.275319,12.428571428571429,2021-10-20 23:55:32.237042+00:00,736010912233332,
andres,-17.362659,-66.275493,13.671428571428573,2021-10-20 23:55:32.237042+00:00,736010912233332,
andres,-17.363328,-66.275607,14.500000000000002,2021-10-20 23:55:32.237042+00:00,736010912233332,
andres,-17.363806,-66.275694,14.500000000000002,2021-10-20 23:55:32.221417+00:00,736010912233332,
andres,-17.364072,-66.275767,16.571428571428573,2021-10-20 23:55:32.221417+00:00,736010912233332,
andres,-17.364547,-66.275914,12.014285714285714,2021-10-20 23:55:32.221417+00:00,736010912233332,
andres,-17.364944,-66.276035,13.671428571428573,2021-10-20 23:55:32.214909+00:00,736010912233332,
andres,-17.36542,-66.276184,11.600000000000001,2021-10-20 23:55:32.199283+00:00,736010912233332,
andres,-17.365971,-66.276348,12.428571428571429,2021-10-20 23:55:32.199283+00:00,736010912233332,
andres,-17.366452,-66.276476,14.085714285714287,2021-10-20 23:55:32.199283+00:00,736010912233332,
andres,-17.367467,-66.276629,12.428571428571429,2021-10-20 23:55:32.183657+00:00,736010912233332,
andres,-17.368416,-66.276772,14.085714285714287,2021-10-20 23:55:32.183657+00:00,736010912233332,
andres,-17.369628,-66.276976,14.085714285714287,2021-10-20 23:55:32.183657+00:00,736010912233332,
andres,-17.370056,-66.277065,14.914285714285715,2021-10-20 23:55:32.168031+00:00,736010912233332,
andres,-17.370552,-66.27715,14.500000000000002,2021-10-20 23:55:32.152405+00:00,736010912233332,
andres,-17.372578,-66.277499,14.085714285714287,2021-10-20 23:55:32.136779+00:00,736010912233332,
andres,-17.374566,-66.277844,13.671428571428573,2021-10-20 23:55:32.136779+00:00,736010912233332,
andres,-17.374818,-66.277872,13.671428571428573,2021-10-20 23:55:32.083390+00:00,736010912233332,
andres,-17.375115,-66.277918,13.257142857142858,2021-10-20 23:55:32.083390+00:00,736010912233332,
andres,-17.375779,-66.278006,13.671428571428573,2021-10-20 23:55:32.067765+00:00,736010912233332,
andres,-17.376559,-66.278081,13.671428571428573,2021-10-20 23:55:32.067765+00:00,736010912233332,
andres,-17.377595,-66.278039,18.22857142857143,2021-10-20 23:55:32.067765+00:00,736010912233332,
andres,-17.378706,-66.277991,14.500000000000002,2021-10-20 23:55:32.052138+00:00,736010912233332,
andres,-17.379257,-66.277965,16.985714285714288,2021-10-20 23:55:32.052138+00:00,736010912233332,
andres,-17.379449,-66.277959,16.985714285714288,2021-10-20 23:55:32.052138+00:00,736010912233332,
andres,-17.379701,-66.277955,17.400000000000002,2021-10-20 23:55:32.052138+00:00,736010912233332,
andres,-17.380339,-66.277931,14.500000000000002,2021-10-20 23:55:32.036512+00:00,736010912233332,
andres,-17.3811,-66.277909,15.32857142857143,2021-10-20 23:55:32.036512+00:00,736010912233332,
andres,-17.381774,-66.277879,16.571428571428573,2021-10-20 23:55:32.036512+00:00,736010912233332,
andres,-17.382495,-66.277694,15.32857142857143,2021-10-20 23:55:32.020887+00:00,736010912233332,
andres,-17.38354,-66.277424,19.885714285714286,2021-10-20 23:55:32.020887+00:00,736010912233332,
andres,-17.384544,-66.277116,15.742857142857144,2021-10-20 23:55:32.020887+00:00,736010912233332,
andres,-17.385514,-66.277108,16.571428571428573,2021-10-20 23:55:32.014380+00:00,736010912233332,
andres,-17.386135,-66.277098,13.671428571428573,2021-10-20 23:55:32.014380+00:00,736010912233332,
andres,-17.386442,-66.277102,17.400000000000002,2021-10-20 23:55:31.998755+00:00,736010912233332,
andres,-17.387068,-66.277066,15.32857142857143,2021-10-20 23:55:31.998755+00:00,736010912233332,
andres,-17.388346,-66.277074,16.985714285714288,2021-10-20 23:55:31.998755+00:00,736010912233332,
andres,-17.388821,-66.277091,20.714285714285715,2021-10-20 23:55:31.983128+00:00,736010912233332,
andres,-17.388852,-66.277079,20.3,2021-10-20 23:55:31.983128+00:00,736010912233332,
andres,-17.388876,-66.277061,21.12857142857143,2021-10-20 23:55:31.983128+00:00,736010912233332,
andres,-17.389072,-66.277052,19.885714285714286,2021-10-20 23:55:31.983128+00:00,736010912233332,
andres,-17.389667,-66.277046,18.642857142857142,2021-10-20 23:55:31.967502+00:00,736010912233332,
andres,-17.390197,-66.277047,20.3,2021-10-20 23:55:31.967502+00:00,736010912233332,
andres,-17.390766,-66.277082,16.985714285714288,2021-10-20 23:55:31.967502+00:00,736010912233332,
andres,-17.391153,-66.27715,20.714285714285715,2021-10-20 23:55:31.951876+00:00,736010912233332,
andres,-17.391536,-66.277459,20.3,2021-10-20 23:55:31.951876+00:00,736010912233332,
andres,-17.392823,-66.278063,22.371428571428574,2021-10-20 23:55:31.951876+00:00,736010912233332,
andres,-17.393548,-66.278101,24.857142857142858,2021-10-20 23:55:31.951876+00:00,736010912233332,
andres,-17.393558,-66.278098,24.442857142857143,2021-10-20 23:55:31.936250+00:00,736010912233332,
andres,-17.393789,-66.278192,23.200000000000003,2021-10-20 23:55:31.936250+00:00,736010912233332,
andres,-17.393977,-66.278122,21.12857142857143,2021-10-20 23:55:31.936250+00:00,736010912233332,
andres,-17.393938,-66.27752,21.542857142857144,2021-10-20 23:55:31.936250+00:00,736010912233332,
andres,-17.393851,-66.27654,14.914285714285715,2021-10-20 23:55:31.920625+00:00,736010912233332,
andres,-17.393752,-66.27554,20.3,2021-10-20 23:55:31.920625+00:00,736010912233332,
andres,-17.393729,-66.275116,22.78571428571429,2021-10-20 23:55:31.920625+00:00,736010912233332,
andres,-17.393656,-66.274509,21.542857142857144,2021-10-20 23:55:31.920625+00:00,736010912233332,
andres,-17.39355,-66.273581,17.814285714285717,2021-10-20 23:55:31.914118+00:00,736010912233332,
andres,-17.393471,-66.272681,25.685714285714287,2021-10-20 23:55:31.898492+00:00,736010912233332,
andres,-17.393313,-66.271915,23.614285714285717,2021-10-20 23:55:31.898492+00:00,736010912233332,
andres,-17.393207,-66.270743,21.95714285714286,2021-10-20 23:55:31.898492+00:00,736010912233332,
andres,-17.393179,-66.270564,19.057142857142857,2021-10-20 23:55:31.898492+00:00,736010912233332,
andres,-17.393167,-66.270518,20.3,2021-10-20 23:55:31.882866+00:00,736010912233332,
andres,-17.393117,-66.270251,23.200000000000003,2021-10-20 23:55:31.882866+00:00,736010912233332,
andres,-17.393035,-66.269626,25.685714285714287,2021-10-20 23:55:31.882866+00:00,736010912233332,
andres,-17.39293,-66.268521,23.200000000000003,2021-10-20 23:55:31.867239+00:00,736010912233332,
andres,-17.39278,-66.266997,16.985714285714288,2021-10-20 23:55:31.867239+00:00,736010912233332,
andres,-17.392652,-66.265702,18.642857142857142,2021-10-20 23:55:31.867239+00:00,736010912233332,
andres,-17.392445,-66.263826,17.814285714285717,2021-10-20 23:55:31.867239+00:00,736010912233332,
andres,-17.392311,-66.262514,17.400000000000002,2021-10-20 23:55:31.851613+00:00,736010912233332,
andres,-17.3922,-66.261303,16.985714285714288,2021-10-20 23:55:31.851613+00:00,736010912233332,
andres,-17.392137,-66.260554,20.714285714285715,2021-10-20 23:55:31.851613+00:00,736010912233332,
andres,-17.39214,-66.260529,19.47142857142857,2021-10-20 23:55:31.851613+00:00,736010912233332,
andres,-17.392144,-66.260524,20.714285714285715,2021-10-20 23:55:31.835988+00:00,736010912233332,
andres,-17.39215,-66.260495,18.22857142857143,2021-10-20 23:55:31.835988+00:00,736010912233332,
andres,-17.392115,-66.260115,22.78571428571429,2021-10-20 23:55:31.835988+00:00,736010912233332,
andres,-17.392027,-66.259265,24.442857142857143,2021-10-20 23:55:31.820362+00:00,736010912233332,
andres,-17.391879,-66.257811,19.885714285714286,2021-10-20 23:55:31.820362+00:00,736010912233332,
andres,-17.391772,-66.256823,21.12857142857143,2021-10-20 23:55:31.820362+00:00,736010912233332,
andres,-17.391659,-66.255645,22.371428571428574,2021-10-20 23:55:31.820362+00:00,736010912233332,
andres,-17.391537,-66.254409,20.714285714285715,2021-10-20 23:55:31.817854+00:00,736010912233332,
andres,-17.391421,-66.253276,19.47142857142857,2021-10-20 23:55:31.802228+00:00,736010912233332,
andres,-17.391293,-66.252013,20.3,2021-10-20 23:55:31.802228+00:00,736010912233332,
andres,-17.391058,-66.248906,22.78571428571429,2021-10-20 23:55:31.802228+00:00,736010912233332,
andres,-17.39095,-66.246626,16.571428571428573,2021-10-20 23:55:31.802228+00:00,736010912233332,
andres,-17.390901,-66.245261,20.714285714285715,2021-10-20 23:55:31.786602+00:00,736010912233332,
andres,-17.39098,-66.243971,17.814285714285717,2021-10-20 23:55:31.786602+00:00,736010912233332,
andres,-17.390819,-66.243794,19.057142857142857,2021-10-20 23:55:31.786602+00:00,736010912233332,
andres,-17.390527,-66.243602,20.3,2021-10-20 23:55:31.786602+00:00,736010912233332,
andres,-17.39021,-66.243547,18.642857142857142,2021-10-20 23:55:31.770977+00:00,736010912233332,
andres,-17.389744,-66.243565,20.3,2021-10-20 23:55:31.770977+00:00,736010912233332,
andres,-17.389283,-66.243617,20.714285714285715,2021-10-20 23:55:31.770977+00:00,736010912233332,
andres,-17.389049,-66.243714,21.95714285714286,2021-10-20 23:55:31.770977+00:00,736010912233332,
andres,-17.38908,-66.244245,18.642857142857142,2021-10-20 23:55:31.755350+00:00,736010912233332,
andres,-17.389154,-66.244441,18.22857142857143,2021-10-20 23:55:31.755350+00:00,736010912233332,
andres,-17.389316,-66.244366,17.400000000000002,2021-10-20 23:55:31.755350+00:00,736010912233332,
andres,-17.390139,-66.244502,16.985714285714288,2021-10-20 23:55:31.739724+00:00,736010912233332,
andres,-17.390503,-66.244501,17.814285714285717,2021-10-20 23:55:31.739724+00:00,736010912233332,
andres,-17.390726,-66.244556,18.642857142857142,2021-10-20 23:55:31.739724+00:00,736010912233332,
andres,-17.39099,-66.244377,17.400000000000002,2021-10-20 23:55:31.724102+00:00,736010912233332,
andres,-17.390915,-66.243664,18.642857142857142,2021-10-20 23:55:31.724102+00:00,736010912233332,
andres,-17.390885,-66.241897,19.057142857142857,2021-10-20 23:55:31.724102+00:00,736010912233332,
andres,-17.390894,-66.240545,22.371428571428574,2021-10-20 23:55:31.722114+00:00,736010912233332,
andres,-17.390927,-66.239341,19.47142857142857,2021-10-20 23:55:31.713942+00:00,736010912233332,
andres,-17.390967,-66.239004,17.400000000000002,2021-10-20 23:55:31.698314+00:00,736010912233332,
andres,-17.39097,-66.238994,19.47142857142857,2021-10-20 23:55:31.698314+00:00,736010912233332,
andres,-17.391024,-66.238692,21.12857142857143,2021-10-20 23:55:31.698314+00:00,736010912233332,
andres,-17.391011,-66.237775,20.714285714285715,2021-10-20 23:55:31.698314+00:00,736010912233332,
andres,-17.391055,-66.236664,21.542857142857144,2021-10-20 23:55:31.682689+00:00,736010912233332,
andres,-17.391185,-66.233613,20.714285714285715,2021-10-20 23:55:31.682689+00:00,736010912233332,
andres,-17.391281,-66.231358,19.057142857142857,2021-10-20 23:55:31.682689+00:00,736010912233332,
andres,-17.391305,-66.230893,22.371428571428574,2021-10-20 23:55:31.667062+00:00,736010912233332,
andres,-17.391334,-66.230426,19.885714285714286,2021-10-20 23:55:31.667062+00:00,736010912233332,
andres,-17.391363,-66.229532,24.02857142857143,2021-10-20 23:55:31.667062+00:00,736010912233332,
andres,-17.391403,-66.228482,26.92857142857143,2021-10-20 23:55:31.651436+00:00,736010912233332,
andres,-17.391451,-66.227403,26.514285714285716,2021-10-20 23:55:31.651436+00:00,736010912233332,
andres,-17.391502,-66.226287,28.171428571428574,2021-10-20 23:55:31.651436+00:00,736010912233332,
andres,-17.391566,-66.224852,26.514285714285716,2021-10-20 23:55:31.651436+00:00,736010912233332,
andres,-17.391629,-66.223312,26.514285714285716,2021-10-20 23:55:31.635810+00:00,736010912233332,
andres,-17.391696,-66.221744,23.614285714285717,2021-10-20 23:55:31.635810+00:00,736010912233332,
andres,-17.391759,-66.220554,20.714285714285715,2021-10-20 23:55:31.635810+00:00,736010912233332,
andres,-17.39179,-66.219872,24.442857142857143,2021-10-20 23:55:31.620185+00:00,736010912233332,
andres,-17.391803,-66.219732,19.47142857142857,2021-10-20 23:55:31.620185+00:00,736010912233332,
andres,-17.39181,-66.219722,20.714285714285715,2021-10-20 23:55:31.620185+00:00,736010912233332,
andres,-17.391812,-66.219724,23.614285714285717,2021-10-20 23:55:31.620185+00:00,736010912233332,
andres,-17.39187,-66.218282,20.714285714285715,2021-10-20 23:55:31.613677+00:00,736010912233332,
andres,-17.392004,-66.215177,19.47142857142857,2021-10-20 23:55:31.598051+00:00,736010912233332,
andres,-17.392101,-66.213015,21.12857142857143,2021-10-20 23:55:31.598051+00:00,736010912233332,
andres,-17.392174,-66.211265,19.057142857142857,2021-10-20 23:55:31.598051+00:00,736010912233332,
andres,-17.392246,-66.20951,19.885714285714286,2021-10-20 23:55:31.598051+00:00,736010912233332,
andres,-17.392277,-66.208559,20.3,2021-10-20 23:55:31.582425+00:00,736010912233332,
andres,-17.392283,-66.208304,22.78571428571429,2021-10-20 23:55:31.582425+00:00,736010912233332,
andres,-17.392135,-66.208108,26.92857142857143,2021-10-20 23:55:31.582425+00:00,736010912233332,
andres,-17.391336,-66.20805,21.12857142857143,2021-10-20 23:55:31.566799+00:00,736010912233332,
andres,-17.390612,-66.207991,19.885714285714286,2021-10-20 23:55:31.566799+00:00,736010912233332,
andres,-17.390145,-66.207971,29.0,2021-10-20 23:55:31.566799+00:00,736010912233332,
andres,-17.389719,-66.207951,24.442857142857143,2021-10-20 23:55:31.566799+00:00,736010912233332,
andres,-17.388684,-66.207909,23.200000000000003,2021-10-20 23:55:31.551172+00:00,736010912233332,
andres,-17.387189,-66.207884,16.15714285714286,2021-10-20 23:55:31.551172+00:00,736010912233332,
andres,-17.384846,-66.207865,16.571428571428573,2021-10-20 23:55:31.551172+00:00,736010912233332,
andres,-17.384565,-66.20786,17.400000000000002,2021-10-20 23:55:31.551172+00:00,736010912233332,
andres,-17.384551,-66.207859,17.400000000000002,2021-10-20 23:55:31.535546+00:00,736010912233332,
andres,-17.384548,-66.207858,18.642857142857142,2021-10-20 23:55:31.535546+00:00,736010912233332,
andres,-17.383897,-66.207898,20.3,2021-10-20 23:55:31.535546+00:00,736010912233332,
andres,-17.382995,-66.2079,19.057142857142857,2021-10-20 23:55:31.519920+00:00,736010912233332,
andres,-17.381982,-66.208125,18.642857142857142,2021-10-20 23:55:31.519920+00:00,736010912233332,
andres,-17.381349,-66.207964,17.400000000000002,2021-10-20 23:55:31.519920+00:00,736010912233332,
andres,-17.380778,-66.20779,16.571428571428573,2021-10-20 23:55:31.519920+00:00,736010912233332,
andres,-17.3803,-66.207631,19.057142857142857,2021-10-20 23:55:31.513413+00:00,736010912233332,
andres,-17.379671,-66.207458,21.12857142857143,2021-10-20 23:55:31.497787+00:00,736010912233332,
andres,-17.37934,-66.207446,19.47142857142857,2021-10-20 23:55:31.497787+00:00,736010912233332,
andres,-17.379036,-66.207427,21.95714285714286,2021-10-20 23:55:31.497787+00:00,736010912233332,
andres,-17.378675,-66.207424,22.371428571428574,2021-10-20 23:55:31.497787+00:00,736010912233332,
andres,-17.378312,-66.207428,19.885714285714286,2021-10-20 23:55:31.482161+00:00,736010912233332,
andres,-17.377656,-66.207455,18.642857142857142,2021-10-20 23:55:31.482161+00:00,736010912233332,
andres,-17.376886,-66.20744,19.47142857142857,2021-10-20 23:55:31.482161+00:00,736010912233332,
andres,-17.376429,-66.207436,22.371428571428574,2021-10-20 23:55:31.466535+00:00,736010912233332,
andres,-17.376015,-66.207411,16.15714285714286,2021-10-20 23:55:31.466535+00:00,736010912233332,
andres,-17.375545,-66.20741,19.47142857142857,2021-10-20 23:55:31.466535+00:00,736010912233332,
andres,-17.37513,-66.207414,19.47142857142857,2021-10-20 23:55:31.466535+00:00,736010912233332,
andres,-17.374593,-66.207409,24.442857142857143,2021-10-20 23:55:31.450909+00:00,736010912233332,
andres,-17.373915,-66.207387,23.200000000000003,2021-10-20 23:55:31.450909+00:00,736010912233332,
andres,-17.37314,-66.207382,21.95714285714286,2021-10-20 23:55:31.450909+00:00,736010912233332,
andres,-17.372293,-66.207365,25.685714285714287,2021-10-20 23:55:31.450909+00:00,736010912233332,
andres,-17.371806,-66.20737,23.200000000000003,2021-10-20 23:55:31.435284+00:00,736010912233332,
andres,-17.371279,-66.207373,25.685714285714287,2021-10-20 23:55:31.435284+00:00,736010912233332,
andres,-17.370701,-66.207344,22.371428571428574,2021-10-20 23:55:31.435284+00:00,736010912233332,
andres,-17.370105,-66.207184,24.442857142857143,2021-10-20 23:55:31.435284+00:00,736010912233332,
andres,-17.370306,-66.206783,26.514285714285716,2021-10-20 23:55:31.419658+00:00,736010912233332,
andres,-17.370545,-66.206235,22.371428571428574,2021-10-20 23:55:31.419658+00:00,736010912233332,
andres,-17.371005,-66.205337,26.1,2021-10-20 23:55:31.419658+00:00,736010912233332,
andres,-17.371349,-66.204581,27.342857142857145,2021-10-20 23:55:31.413654+00:00,736010912233332,
andres,-17.372707,-66.201643,20.3,2021-10-20 23:55:31.413654+00:00,736010912233332,
andres,-17.373045,-66.201049,16.571428571428573,2021-10-20 23:55:31.401736+00:00,736010912233332,
andres,-17.373195,-66.200714,19.057142857142857,2021-10-20 23:55:31.401736+00:00,736010912233332,
andres,-17.373317,-66.200452,16.15714285714286,2021-10-20 23:55:31.399718+00:00,736010912233332,
andres,-17.373626,-66.199912,17.814285714285717,2021-10-20 23:55:31.389695+00:00,736010912233332,
andres,-17.373984,-66.199178,19.47142857142857,2021-10-20 23:55:31.389695+00:00,736010912233332,
andres,-17.374079,-66.198916,22.371428571428574,2021-10-20 23:55:31.381670+00:00,736010912233332,
andres,-17.373812,-66.19874,20.714285714285715,2021-10-20 23:55:31.381670+00:00,736010912233332,
andres,-17.373373,-66.19849,21.12857142857143,2021-10-20 23:55:31.371625+00:00,736010912233332,
andres,-17.372761,-66.198162,19.885714285714286,2021-10-20 23:55:31.371625+00:00,736010912233332,
andres,-17.372029,-66.197786,18.22857142857143,2021-10-20 23:55:31.369606+00:00,736010912233332,
andres,-17.371249,-66.197467,21.12857142857143,2021-10-20 23:55:31.361550+00:00,736010912233332,
andres,-17.370697,-66.197277,19.885714285714286,2021-10-20 23:55:31.359521+00:00,736010912233332,
andres,-17.370198,-66.197091,18.642857142857142,2021-10-20 23:55:31.351500+00:00,736010912233332,
andres,-17.369233,-66.196753,21.542857142857144,2021-10-20 23:55:31.351500+00:00,736010912233332,
andres,-17.368931,-66.19665,22.371428571428574,2021-10-20 23:55:31.341446+00:00,736010912233332,
andres,-17.368652,-66.196554,22.371428571428574,2021-10-20 23:55:31.341446+00:00,736010912233332,
andres,-17.368008,-66.196352,21.95714285714286,2021-10-20 23:55:31.339414+00:00,736010912233332,
andres,-17.367452,-66.196136,21.95714285714286,2021-10-20 23:55:31.331407+00:00,736010912233332,
andres,-17.367292,-66.196647,21.12857142857143,2021-10-20 23:55:31.329388+00:00,736010912233332,
andres,-17.36706,-66.197863,17.400000000000002,2021-10-20 23:55:31.321353+00:00,736010912233332,
andres,-17.366878,-66.198572,19.47142857142857,2021-10-20 23:55:31.319332+00:00,736010912233332,
andres,-17.366801,-66.198751,21.542857142857144,2021-10-20 23:55:31.311305+00:00,736010912233332,
andres,-17.36611,-66.198558,22.78571428571429,2021-10-20 23:55:31.309284+00:00,736010912233332,
andres,-17.365094,-66.198242,21.95714285714286,2021-10-20 23:55:31.301246+00:00,736010912233332,
andres,-17.364151,-66.197917,21.542857142857144,2021-10-20 23:55:31.291203+00:00,736010912233332,
andres,-17.362223,-66.197238,24.857142857142858,2021-10-20 23:55:31.291203+00:00,736010912233332,
andres,-17.361433,-66.197107,20.3,2021-10-20 23:55:31.289183+00:00,736010912233332,
andres,-17.361138,-66.197661,20.3,2021-10-20 23:55:31.281141+00:00,736010912233332,
andres,-17.360841,-66.198233,21.542857142857144,2021-10-20 23:55:31.279124+00:00,736010912233332,
andres,-17.360541,-66.198759,21.12857142857143,2021-10-20 23:55:31.261039+00:00,736010912233332,
andres,-17.360199,-66.199256,16.985714285714288,2021-10-20 23:55:31.261039+00:00,736010912233332,
andres,-17.359536,-66.199038,16.985714285714288,2021-10-20 23:55:31.250997+00:00,736010912233332,
andres,-17.359078,-66.198862,18.642857142857142,2021-10-20 23:55:31.250997+00:00,736010912233332,
andres,-17.35854,-66.19868,17.814285714285717,2021-10-20 23:55:31.240935+00:00,736010912233332,
andres,-17.357812,-66.198454,16.15714285714286,2021-10-20 23:55:31.240935+00:00,736010912233332,
andres,-17.357409,-66.198301,18.642857142857142,2021-10-20 23:55:31.230897+00:00,736010912233332,
andres,-17.356959,-66.19849,20.714285714285715,2021-10-20 23:55:31.230897+00:00,736010912233332,
andres,-17.356845,-66.198925,16.571428571428573,2021-10-20 23:55:31.228880+00:00,736010912233332,
andres,-17.356736,-66.199412,16.15714285714286,2021-10-20 23:55:31.220846+00:00,736010912233332,
andres,-17.356659,-66.199807,15.742857142857144,2021-10-20 23:55:31.218828+00:00,736010912233332,
andy2662,-17.35683,-66.200076,25.271428571428572,2021-10-20 23:55:31.207807+00:00,736010912233332,
andy2662,-17.356814,-66.200046,22.371428571428574,2021-10-20 23:55:31.207807+00:00,736010912233332,
andy2662,-17.356825,-66.200057,21.95714285714286,2021-10-20 23:55:31.196997+00:00,736010912233332,
andy2662,-17.356835,-66.200047,25.685714285714287,2021-10-20 23:55:31.196997+00:00,736023035923079,
andy2662,-17.356857,-66.200054,29.0,2021-10-20 23:55:31.181371+00:00,736030057419257,
andy2662,-17.356862,-66.200051,29.0,2021-10-20 23:55:31.181371+00:00,736030057419257,
andy2662,-17.356857,-66.200047,29.0,2021-10-20 23:55:31.181371+00:00,736030057419257,
andy2662,-17.356851,-66.200075,25.685714285714287,2021-10-20 23:55:31.165744+00:00,736023035923079,
andy2662,-17.395344,-66.15823,28.171428571428574,2021-10-20 23:55:31.165744+00:00,736023035923079,
andy2662,-17.394773,-66.158403,29.0,2021-10-20 23:55:31.165744+00:00,736023035923079,
andy2662,-17.394566,-66.15792,29.0,2021-10-20 23:55:31.150119+00:00,736023035923079,
andy2662,-17.392408,-66.157023,27.75714285714286,2021-10-20 23:55:31.150119+00:00,736023035923079,
andy2662,-17.39332,-66.157043,27.75714285714286,2021-10-20 23:55:31.134493+00:00,736023035923079,
andy2662,-17.394955,-66.157371,28.58571428571429,2021-10-20 23:55:31.134493+00:00,736023035923079,
andy2662,-17.395495,-66.157238,26.92857142857143,2021-10-20 23:55:31.118866+00:00,736023035923079,
andy2662,-17.396225,-66.157132,28.58571428571429,2021-10-20 23:55:31.118866+00:00,736023035923079,
andy2662,-17.396455,-66.156769,29.0,2021-10-20 23:55:31.118866+00:00,736023035923079,
andy2662,-17.396372,-66.156238,26.514285714285716,2021-10-20 23:55:31.108858+00:00,736023035923079,
andy2662,-17.396185,-66.156014,25.685714285714287,2021-10-20 23:55:31.108858+00:00,736023035923079,
andy2662,-17.395737,-66.155999,22.78571428571429,2021-10-20 23:55:31.108858+00:00,736023035923079,
andy2662,-17.39537,-66.156068,29.0,2021-10-20 23:55:31.100827+00:00,736023035923079,
andy2662,-17.395328,-66.156493,27.75714285714286,2021-10-20 23:55:31.100827+00:00,736023035923079,
andy2662,-17.395345,-66.156857,29.0,2021-10-20 23:55:31.090790+00:00,736023035923079,
andy2662,-17.395799,-66.15705,29.0,2021-10-20 23:55:31.090790+00:00,736023035923079,
andy2662,-17.396301,-66.157103,29.0,2021-10-20 23:55:31.080732+00:00,736023035923079,
andy2662,-17.396864,-66.156988,29.0,2021-10-20 23:55:31.080732+00:00,736023035923079,
andy2662,-17.397435,-66.156908,29.0,2021-10-20 23:55:31.060631+00:00,736023035923079,
andy2662,-17.398192,-66.156753,24.857142857142858,2021-10-20 23:55:31.060631+00:00,736023035923079,
andy2662,-17.398365,-66.156708,29.0,2021-10-20 23:55:31.058613+00:00,736023035923079,
andy2662,-17.398537,-66.156699,29.0,2021-10-20 23:55:31.050580+00:00,736023035923079,
andy2662,-17.399156,-66.156624,29.0,2021-10-20 23:55:31.050580+00:00,736023035923079,
andy2662,-17.399421,-66.156877,29.0,2021-10-20 23:55:31.040489+00:00,736023035923079,
andy2662,-17.399427,-66.15742,29.0,2021-10-20 23:55:31.040489+00:00,736023035923079,
andy2662,-17.39931,-66.157724,29.0,2021-10-20 23:55:31.031943+00:00,736023035923079,
andy2662,-17.398916,-66.157626,29.0,2021-10-20 23:55:31.031943+00:00,736023035923079,
andy2662,-17.398794,-66.157246,29.0,2021-10-20 23:55:31.016317+00:00,736023035923079,
andy2662,-17.398744,-66.156809,29.0,2021-10-20 23:55:31.016317+00:00,736023035923079,
andy2662,-17.398734,-66.156448,26.1,2021-10-20 23:55:31.000690+00:00,736023035923079,
andy2662,-17.398593,-66.15595,28.58571428571429,2021-10-20 23:55:30.938185+00:00,736023035923079,
andy2662,-17.398511,-66.155601,29.0,2021-10-20 23:55:30.938185+00:00,736023035923079,
andy2662,-17.398449,-66.155166,29.0,2021-10-20 23:55:30.938185+00:00,736023035923079,
andy2662,-17.398382,-66.154882,29.0,2021-10-20 23:55:30.938185+00:00,736023035923079,
andy2662,-17.39838,-66.154603,26.92857142857143,2021-10-20 23:55:30.931678+00:00,736023035923079,
andy2662,-17.398245,-66.154397,27.342857142857145,2021-10-20 23:55:30.931678+00:00,736023035923079,
andy2662,-17.398261,-66.154245,26.1,2021-10-20 23:55:30.916051+00:00,736023035923079,
andy2662,-17.398216,-66.153931,27.342857142857145,2021-10-20 23:55:30.916051+00:00,736023035923079,
andy2662,-17.398168,-66.153636,26.1,2021-10-20 23:55:30.916051+00:00,736023035923079,
andy2662,-17.398135,-66.153479,26.1,2021-10-20 23:55:30.900425+00:00,736023035923079,
andy2662,-17.397851,-66.153438,29.0,2021-10-20 23:55:30.900425+00:00,736023035923079,
andy2662,-17.3974,-66.153468,29.0,2021-10-20 23:55:30.900425+00:00,736023035923079,
andy2662,-17.397241,-66.153481,29.0,2021-10-20 23:55:30.900425+00:00,736023035923079,
andy2662,-17.397099,-66.153588,29.0,2021-10-20 23:55:30.884800+00:00,736023035923079,
andy2662,-17.397091,-66.153986,29.0,2021-10-20 23:55:30.884800+00:00,736023035923079,
andy2662,-17.397144,-66.1545,28.171428571428574,2021-10-20 23:55:30.884800+00:00,736023035923079,
andy2662,-17.397202,-66.154921,29.0,2021-10-20 23:55:30.884800+00:00,736023035923079,
andy2662,-17.397251,-66.155583,26.514285714285716,2021-10-20 23:55:30.869174+00:00,736023035923079,
andy2662,-17.397434,-66.15651,29.0,2021-10-20 23:55:30.869174+00:00,736023035923079,
andy2662,-17.39752,-66.156848,29.0,2021-10-20 23:55:30.869174+00:00,736023035923079,
andy2662,-17.397528,-66.15721,28.58571428571429,2021-10-20 23:55:30.853547+00:00,736023035923079,
andy2662,-17.397665,-66.157744,29.0,2021-10-20 23:55:30.853547+00:00,736023035923079,
andy2662,-17.39754,-66.157935,29.0,2021-10-20 23:55:30.853547+00:00,736023035923079,
andy2662,-17.397003,-66.158033,29.0,2021-10-20 23:55:30.853547+00:00,736023035923079,
andy2662,-17.396694,-66.157946,29.0,2021-10-20 23:55:30.837921+00:00,736023035923079,
andy2662,-17.396672,-66.157619,28.171428571428574,2021-10-20 23:55:30.837921+00:00,736023035923079,
andy2662,-17.396603,-66.157298,25.685714285714287,2021-10-20 23:55:30.837921+00:00,736023035923079,
andy2662,-17.396549,-66.156893,27.75714285714286,2021-10-20 23:55:30.831413+00:00,736023035923079,
andy2662,-17.396442,-66.156381,26.92857142857143,2021-10-20 23:55:30.815786+00:00,736023035923079,
andy2662,-17.39639,-66.155959,26.1,2021-10-20 23:55:30.815786+00:00,736023035923079,
andy2662,-17.396311,-66.155531,26.92857142857143,2021-10-20 23:55:30.815786+00:00,736023035923079,
andy2662,-17.396262,-66.155251,25.271428571428572,2021-10-20 23:55:30.815786+00:00,736023035923079,
andy2662,-17.396202,-66.154857,29.0,2021-10-20 23:55:30.800160+00:00,736023035923079,
andy2662,-17.396039,-66.154142,27.342857142857145,2021-10-20 23:55:30.800160+00:00,736023035923079,
andy2662,-17.396026,-66.154019,29.0,2021-10-20 23:55:30.800160+00:00,736023035923079,
andy2662,-17.395967,-66.153898,29.0,2021-10-20 23:55:30.800160+00:00,736023035923079,
andy2662,-17.395652,-66.153972,27.342857142857145,2021-10-20 23:55:30.784535+00:00,736023035923079,
andy2662,-17.395125,-66.154126,29.0,2021-10-20 23:55:30.784535+00:00,736023035923079,
andy2662,-17.395063,-66.154415,26.92857142857143,2021-10-20 23:55:30.784535+00:00,736023035923079,
andy2662,-17.395046,-66.15473,29.0,2021-10-20 23:55:30.768908+00:00,736023035923079,
andy2662,-17.395034,-66.154951,29.0,2021-10-20 23:55:30.768908+00:00,736023035923079,
andy2662,-17.395095,-66.155346,26.514285714285716,2021-10-20 23:55:30.768908+00:00,736023035923079,
andy2662,-17.39516,-66.155919,28.171428571428574,2021-10-20 23:55:30.768908+00:00,736023035923079,
andy2662,-17.395189,-66.156098,29.0,2021-10-20 23:55:30.753282+00:00,736023035923079,
andy2662,-17.395196,-66.156151,29.0,2021-10-20 23:55:30.753282+00:00,736023035923079,
andy2662,-17.395252,-66.156426,28.171428571428574,2021-10-20 23:55:30.753282+00:00,736023035923079,
andy2662,-17.395276,-66.156538,26.92857142857143,2021-10-20 23:55:30.737656+00:00,736023035923079,
andy2662,-17.395298,-66.156631,25.685714285714287,2021-10-20 23:55:30.731147+00:00,736023035923079,
andy2662,-17.395311,-66.156882,28.171428571428574,2021-10-20 23:55:30.699895+00:00,736023035923079,
andy2662,-17.395372,-66.157109,27.75714285714286,2021-10-20 23:55:30.637391+00:00,736023035923079,
andy2662,-17.395391,-66.157449,29.0,2021-10-20 23:55:30.599630+00:00,736023035923079,
andy2662,-17.395426,-66.157792,29.0,2021-10-20 23:55:30.584004+00:00,736023035923079,
andy2662,-17.395474,-66.158139,25.271428571428572,2021-10-20 23:55:30.568378+00:00,736023035923079,
andy2662,-17.39521,-66.158283,29.0,2021-10-20 23:55:30.568378+00:00,736023035923079,
andy2662,-17.394892,-66.158359,29.0,2021-10-20 23:55:30.568378+00:00,736023035923079,
andy2662,-17.394763,-66.158389,29.0,2021-10-20 23:55:30.552752+00:00,736023035923079,
andy2662,-17.394392,-66.158493,28.58571428571429,2021-10-20 23:55:30.552752+00:00,736023035923079,
andy2662,-17.393957,-66.158609,29.0,2021-10-20 23:55:30.552752+00:00,736023035923079,
andy2662,-17.393836,-66.15863,29.0,2021-10-20 23:55:30.552752+00:00,736023035923079,
andy2662,-17.393441,-66.158668,27.75714285714286,2021-10-20 23:55:30.537127+00:00,736023035923079,
andy2662,-17.393077,-66.15875,27.75714285714286,2021-10-20 23:55:30.537127+00:00,736023035923079,
andy2662,-17.392839,-66.158746,27.75714285714286,2021-10-20 23:55:30.537127+00:00,736023035923079,
andy2662,-17.392584,-66.158641,26.92857142857143,2021-10-20 23:55:30.537127+00:00,736023035923079,
andy2662,-17.392498,-66.158079,27.75714285714286,2021-10-20 23:55:30.530619+00:00,736023035923079,
andy2662,-17.392736,-66.157815,26.1,2021-10-20 23:55:30.514994+00:00,736023035923079,
andy2662,-17.393293,-66.157665,28.171428571428574,2021-10-20 23:55:30.514994+00:00,736023035923079,
andy2662,-17.393569,-66.157577,29.0,2021-10-20 23:55:30.514994+00:00,736023035923079,
andy2662,-17.394021,-66.157531,29.0,2021-10-20 23:55:30.514994+00:00,736023035923079,
andy2662,-17.394282,-66.157439,29.0,2021-10-20 23:55:30.499367+00:00,736023035923079,
andy2662,-17.394717,-66.157299,26.1,2021-10-20 23:55:30.499367+00:00,736023035923079,
andy2662,-17.395183,-66.157274,26.514285714285716,2021-10-20 23:55:30.499367+00:00,736023035923079,
andy2662,-17.395354,-66.157196,26.1,2021-10-20 23:55:30.499367+00:00,736023035923079,
andy2662,-17.395695,-66.157088,29.0,2021-10-20 23:55:30.483741+00:00,736023035923079,
andy2662,-17.396179,-66.156981,29.0,2021-10-20 23:55:30.483741+00:00,736023035923079,
andy2662,-17.396331,-66.156108,26.92857142857143,2021-10-20 23:55:30.483741+00:00,736023035923079,
andy2662,-17.395925,-66.156088,23.200000000000003,2021-10-20 23:55:30.483741+00:00,736023035923079,
andy2662,-17.392744,-66.158861,29.0,2021-10-20 23:55:30.468116+00:00,736023035923079,
andy2662,-17.392758,-66.154012,24.857142857142858,2021-10-20 23:55:30.468116+00:00,736023035923079,
andy2662,-17.392848,-66.154393,24.857142857142858,2021-10-20 23:55:30.468116+00:00,736023035923079,
andy2662,-17.393019,-66.155226,27.75714285714286,2021-10-20 23:55:30.468116+00:00,736023035923079,
andy2662,-17.392925,-66.15537,26.514285714285716,2021-10-20 23:55:30.452490+00:00,736023035923079,
andy2662,-17.393012,-66.155766,28.171428571428574,2021-10-20 23:55:30.452490+00:00,736023035923079,
andy2662,-17.393078,-66.156003,29.0,2021-10-20 23:55:30.452490+00:00,736023035923079,
andy2662,-17.393167,-66.156383,29.0,2021-10-20 23:55:30.436864+00:00,736023035923079,
andy2662,-17.393225,-66.156499,27.75714285714286,2021-10-20 23:55:30.436864+00:00,736023035923079,
andy2662,-17.39279,-66.156566,25.271428571428572,2021-10-20 23:55:30.436864+00:00,736023035923079,
andy2662,-17.392719,-66.156916,26.514285714285716,2021-10-20 23:55:30.436864+00:00,736023035923079,
andy2662,-17.392389,-66.156314,26.92857142857143,2021-10-20 23:55:30.430356+00:00,736023035923079,
andy2662,-17.392242,-66.155637,21.12857142857143,2021-10-20 23:55:30.430356+00:00,736023035923079,
andy2662,-17.392873,-66.155417,24.442857142857143,2021-10-20 23:55:30.414730+00:00,736023035923079,
andy2662,-17.393599,-66.155269,26.1,2021-10-20 23:55:30.414730+00:00,736023035923079,
andy2662,-17.393985,-66.155237,27.342857142857145,2021-10-20 23:55:30.414730+00:00,736023035923079,
andy2662,-17.394304,-66.155225,27.75714285714286,2021-10-20 23:55:30.399104+00:00,736023035923079,
andy2662,-17.394487,-66.155228,24.02857142857143,2021-10-20 23:55:30.399104+00:00,736023035923079,
andy2662,-17.394893,-66.155163,24.857142857142858,2021-10-20 23:55:30.399104+00:00,736023035923079,
andy2662,-17.395015,-66.155074,27.342857142857145,2021-10-20 23:55:30.399104+00:00,736023035923079,
andy2662,-17.395163,-66.155291,27.75714285714286,2021-10-20 23:55:30.383478+00:00,736023035923079,
andy2662,-17.395301,-66.15571,24.857142857142858,2021-10-20 23:55:30.383478+00:00,736023035923079,
andy2662,-17.395301,-66.156026,24.442857142857143,2021-10-20 23:55:30.383478+00:00,736023035923079,
andy2662,-17.394942,-66.156148,24.02857142857143,2021-10-20 23:55:30.367852+00:00,736023035923079,
andy2662,-17.394531,-66.15622,27.75714285714286,2021-10-20 23:55:30.367852+00:00,736023035923079,
andy2662,-17.394392,-66.156331,29.0,2021-10-20 23:55:30.367852+00:00,736023035923079,
andy2662,-17.394028,-66.156363,28.58571428571429,2021-10-20 23:55:30.367852+00:00,736023035923079,
andy2662,-17.393523,-66.1564,29.0,2021-10-20 23:55:30.352225+00:00,736023035923079,
andy2662,-17.393338,-66.156494,26.1,2021-10-20 23:55:30.352225+00:00,736023035923079,
andy2662,-17.392781,-66.156621,25.271428571428572,2021-10-20 23:55:30.352225+00:00,736023035923079,
andy2662,-17.392359,-66.156689,26.92857142857143,2021-10-20 23:55:30.336600+00:00,736023035923079,
andy2662,-17.391892,-66.156802,22.371428571428574,2021-10-20 23:55:30.336600+00:00,736023035923079,
andy2662,-17.391409,-66.156854,22.78571428571429,2021-10-20 23:55:30.336600+00:00,736023035923079,
andy2662,-17.391293,-66.156877,22.371428571428574,2021-10-20 23:55:30.330092+00:00,736023035923079,
andy2662,-17.390906,-66.15694,27.342857142857145,2021-10-20 23:55:30.330092+00:00,736023035923079,
andy2662,-17.390458,-66.157011,29.0,2021-10-20 23:55:30.314465+00:00,736023035923079,
andy2662,-17.390027,-66.157077,28.58571428571429,2021-10-20 23:55:30.314465+00:00,736023035923079,
andy2662,-17.389526,-66.157225,29.0,2021-10-20 23:55:30.314465+00:00,736023035923079,
andy2662,-17.388952,-66.157297,26.92857142857143,2021-10-20 23:55:30.298840+00:00,736023035923079,
andy2662,-17.388417,-66.157353,29.0,2021-10-20 23:55:30.298840+00:00,736023035923079,
andy2662,-17.388091,-66.157432,29.0,2021-10-20 23:55:30.298840+00:00,736023035923079,
andy2662,-17.387459,-66.157561,28.171428571428574,2021-10-20 23:55:30.283214+00:00,736023035923079,
andy2662,-17.387181,-66.157721,28.58571428571429,2021-10-20 23:55:30.283214+00:00,736023035923079,
andy2662,-17.386713,-66.157748,29.0,2021-10-20 23:55:30.283214+00:00,736023035923079,
andy2662,-17.385389,-66.157894,29.0,2021-10-20 23:55:30.283214+00:00,736023035923079,
andy2662,-17.386,-66.157266,26.514285714285716,2021-10-20 23:55:30.267588+00:00,736023035923079,
andy2662,-17.386329,-66.157039,29.0,2021-10-20 23:55:30.267588+00:00,736023035923079,
andy2662,-17.38642,-66.157022,29.0,2021-10-20 23:55:30.267588+00:00,736023035923079,
andy2662,-17.386692,-66.156855,29.0,2021-10-20 23:55:30.267588+00:00,736023035923079,
andy2662,-17.387399,-66.15634,28.58571428571429,2021-10-20 23:55:30.251961+00:00,736023035923079,
andy2662,-17.387721,-66.156272,26.514285714285716,2021-10-20 23:55:30.251961+00:00,736023035923079,
andy2662,-17.38827,-66.156265,27.75714285714286,2021-10-20 23:55:30.251961+00:00,736023035923079,
andy2662,-17.388602,-66.15619,29.0,2021-10-20 23:55:30.236336+00:00,736023035923079,
andy2662,-17.389079,-66.156114,26.1,2021-10-20 23:55:30.236336+00:00,736023035923079,
andy2662,-17.389427,-66.156113,21.12857142857143,2021-10-20 23:55:30.236336+00:00,736023035923079,
andy2662,-17.389706,-66.156085,23.614285714285717,2021-10-20 23:55:30.236336+00:00,736023035923079,
andy2662,-17.390227,-66.15597,23.614285714285717,2021-10-20 23:55:30.229829+00:00,736023035923079,
andy2662,-17.390809,-66.155423,24.02857142857143,2021-10-20 23:55:30.214202+00:00,736023035923079,
andy2662,-17.39054,-66.154831,26.92857142857143,2021-10-20 23:55:30.214202+00:00,736023035923079,
andy2662,-17.390072,-66.154836,22.78571428571429,2021-10-20 23:55:30.214202+00:00,736023035923079,
andy2662,-17.389839,-66.154833,29.0,2021-10-20 23:55:30.214202+00:00,736023035923079,
andy2662,-17.389239,-66.154979,29.0,2021-10-20 23:55:30.198576+00:00,736023035923079,
andy2662,-17.388821,-66.155042,29.0,2021-10-20 23:55:30.198576+00:00,736023035923079,
andy2662,-17.38853,-66.155078,29.0,2021-10-20 23:55:30.198576+00:00,736023035923079,
andy2662,-17.387762,-66.155257,25.271428571428572,2021-10-20 23:55:30.182950+00:00,736023035923079,
andy2662,-17.387639,-66.155351,25.685714285714287,2021-10-20 23:55:30.182950+00:00,736023035923079,
andy2662,-17.387456,-66.155723,26.92857142857143,2021-10-20 23:55:30.182950+00:00,736023035923079,
andy2662,-17.387154,-66.155918,29.0,2021-10-20 23:55:30.182950+00:00,736023035923079,
andy2662,-17.386737,-66.156218,29.0,2021-10-20 23:55:30.167324+00:00,736023035923079,
andy2662,-17.384953,-66.15789,29.0,2021-10-20 23:55:30.167324+00:00,736023035923079,
andy2662,-17.385813,-66.157378,29.0,2021-10-20 23:55:30.167324+00:00,736023035923079,
andy2662,-17.38627,-66.157048,29.0,2021-10-20 23:55:30.167324+00:00,736023035923079,
andy2662,-17.386579,-66.156943,29.0,2021-10-20 23:55:30.151698+00:00,736023035923079,
andy2662,-17.38677,-66.157356,29.0,2021-10-20 23:55:30.151698+00:00,736023035923079,
andy2662,-17.386888,-66.157514,29.0,2021-10-20 23:55:30.151698+00:00,736023035923079,
andy2662,-17.387073,-66.15802,25.271428571428572,2021-10-20 23:55:30.151698+00:00,736023035923079,
andy2662,-17.387147,-66.15845,26.92857142857143,2021-10-20 23:55:30.136072+00:00,736023035923079,
andy2662,-17.387481,-66.158578,25.685714285714287,2021-10-20 23:55:30.136072+00:00,736023035923079,
andy2662,-17.387915,-66.15863,21.542857142857144,2021-10-20 23:55:30.136072+00:00,736023035923079,
andy2662,-17.388319,-66.158689,22.371428571428574,2021-10-20 23:55:30.136072+00:00,736023035923079,
andy2662,-17.388897,-66.158622,24.857142857142858,2021-10-20 23:55:30.129565+00:00,736023035923079,
andy2662,-17.38996,-66.158401,26.92857142857143,2021-10-20 23:55:30.113939+00:00,736023035923079,
andy2662,-17.390406,-66.158278,27.75714285714286,2021-10-20 23:55:30.113939+00:00,736023035923079,
andy2662,-17.391219,-66.158033,29.0,2021-10-20 23:55:30.113939+00:00,736023035923079,
andy2662,-17.391967,-66.157935,25.685714285714287,2021-10-20 23:55:30.113939+00:00,736023035923079,
andy2662,-17.392218,-66.157848,26.514285714285716,2021-10-20 23:55:30.098313+00:00,736023035923079,
andy2662,-17.392392,-66.158158,26.514285714285716,2021-10-20 23:55:30.098313+00:00,736023035923079,
andy2662,-17.392493,-66.158628,29.0,2021-10-20 23:55:30.098313+00:00,736023035923079,
andy2662,-17.392499,-66.158735,29.0,2021-10-20 23:55:30.082687+00:00,736023035923079,
andy2662,-17.392378,-66.158806,27.342857142857145,2021-10-20 23:55:30.082687+00:00,736023035923079,
andy2662,-17.391546,-66.158874,29.0,2021-10-20 23:55:30.082687+00:00,736023035923079,
andy2662,-17.391997,-66.158956,29.0,2021-10-20 23:55:30.082687+00:00,736023035923079,
andy2662,-17.391226,-66.159128,29.0,2021-10-20 23:55:30.067060+00:00,736023035923079,
andy2662,-17.390871,-66.159198,28.58571428571429,2021-10-20 23:55:30.067060+00:00,736023035923079,
andy2662,-17.390472,-66.159212,26.514285714285716,2021-10-20 23:55:30.067060+00:00,736023035923079,
andy2662,-17.389944,-66.159325,26.514285714285716,2021-10-20 23:55:30.067060+00:00,736023035923079,
andy2662,-17.389504,-66.15946,27.342857142857145,2021-10-20 23:55:30.051435+00:00,736023035923079,
andy2662,-17.389138,-66.159541,24.02857142857143,2021-10-20 23:55:30.051435+00:00,736023035923079,
andy2662,-17.388329,-66.159685,26.92857142857143,2021-10-20 23:55:30.051435+00:00,736023035923079,
andy2662,-17.387741,-66.159799,24.857142857142858,2021-10-20 23:55:30.051435+00:00,736023035923079,
andy2662,-17.387339,-66.159874,27.342857142857145,2021-10-20 23:55:30.035809+00:00,736023035923079,
andy2662,-17.386505,-66.160029,26.514285714285716,2021-10-20 23:55:30.035809+00:00,736023035923079,
andy2662,-17.386137,-66.15997,24.442857142857143,2021-10-20 23:55:30.035809+00:00,736023035923079,
andy2662,-17.385783,-66.159966,25.685714285714287,2021-10-20 23:55:30.029301+00:00,736023035923079,
andy2662,-17.385513,-66.160044,27.75714285714286,2021-10-20 23:55:30.029301+00:00,736023035923079,
andy2662,-17.385306,-66.160256,26.514285714285716,2021-10-20 23:55:30.013674+00:00,736023035923079,
andy2662,-17.384886,-66.160273,24.02857142857143,2021-10-20 23:55:30.013674+00:00,736023035923079,
andy2662,-17.384679,-66.160341,25.685714285714287,2021-10-20 23:55:30.013674+00:00,736023035923079,
andy2662,-17.384381,-66.160354,29.0,2021-10-20 23:55:30.013674+00:00,736023035923079,
andy2662,-17.383716,-66.160532,29.0,2021-10-20 23:55:29.998049+00:00,736023035923079,
andy2662,-17.383116,-66.160603,26.92857142857143,2021-10-20 23:55:29.998049+00:00,736023035923079,
andy2662,-17.382622,-66.160496,27.75714285714286,2021-10-20 23:55:29.998049+00:00,736023035923079,
andy2662,-17.382631,-66.160014,29.0,2021-10-20 23:55:29.998049+00:00,736023035923079,
andy2662,-17.383028,-66.1596,29.0,2021-10-20 23:55:29.982423+00:00,736023035923079,
andy2662,-17.383592,-66.159253,29.0,2021-10-20 23:55:29.982423+00:00,736023035923079,
andy2662,-17.384253,-66.158722,29.0,2021-10-20 23:55:29.982423+00:00,736023035923079,
andy2662,-17.384916,-66.158298,29.0,2021-10-20 23:55:29.966796+00:00,736023035923079,
andy2662,-17.38519,-66.158161,29.0,2021-10-20 23:55:29.966796+00:00,736023035923079,
andy2662,-17.385458,-66.158167,29.0,2021-10-20 23:55:29.966796+00:00,736023035923079,
andy2662,-17.385612,-66.158506,29.0,2021-10-20 23:55:29.966796+00:00,736023035923079,
andy2662,-17.385808,-66.158716,29.0,2021-10-20 23:55:29.951171+00:00,736023035923079,
andy2662,-17.386352,-66.158835,29.0,2021-10-20 23:55:29.951171+00:00,736023035923079,
andy2662,-17.387408,-66.158711,28.58571428571429,2021-10-20 23:55:29.951171+00:00,736023035923079,
andy2662,-17.388084,-66.158608,28.58571428571429,2021-10-20 23:55:29.951171+00:00,736023035923079,
andy2662,-17.387919,-66.158011,29.0,2021-10-20 23:55:29.935545+00:00,736023035923079,
andy2662,-17.38773,-66.157765,29.0,2021-10-20 23:55:29.935545+00:00,736023035923079,
andy2662,-17.387492,-66.157703,29.0,2021-10-20 23:55:29.935545+00:00,736023035923079,
andy2662,-17.387155,-66.157731,29.0,2021-10-20 23:55:29.929038+00:00,736023035923079,
andy2662,-17.386818,-66.157755,29.0,2021-10-20 23:55:29.929038+00:00,736023035923079,
andy2662,-17.38578,-66.157943,29.0,2021-10-20 23:55:29.913412+00:00,736023035923079,
