user,latitud,longitud,pot_db,fecha,imsi,test_name
andres,-17.392618,-66.158907,-120,2021-10-20 23:55:33.339719+00:00,736030057419257
andres,-17.392434,-66.157813,-115,2021-10-20 23:55:33.339719+00:00,736030057419257
andres,-17.392233,-66.156706,-110,2021-10-20 23:55:33.339719+00:00,736030057419257
andres,-17.392059,-66.155604,-105,2021-10-20 23:55:33.324093+00:00,736030057419257
andres,-17.391905,-66.154587,-100,2021-10-20 23:55:33.324093+00:00,736030057419257
andres,-17.391725,-66.153404,-95,2021-10-20 23:55:33.324093+00:00,736030057419257
andres,-17.391528,-66.152310,-53,2021-10-20 23:55:33.317586+00:00,736030057419257
andres,-17.39355,-66.158654,-90,2021-10-20 23:55:33.317586+00:00,736030057419257
andres,-17.393413,-66.157615,-95,2021-10-20 23:55:33.301960+00:00,736030057419257
andres,-17.393236,-66.156545,-100,2021-10-20 23:55:33.301960+00:00,736030057419257
andres,-17.393029,-66.155413,-105,2021-10-20 23:55:33.301960+00:00,736030057419257
andres,-17.392827,-66.154366,-110,2021-10-20 23:55:33.286334+00:00,736030057419257
andres,-17.392628,-66.153214,-115,2021-10-20 23:55:33.286334+00:00,736030057419257
andres,-17.392456,-66.152166,-120,2021-10-20 23:55:33.286334+00:00,736030057419257
andres,-17.35689,-66.200144,-120,2021-10-20 23:55:33.286334+00:00,736030057419257
andres,-17.356886,-66.20014,-120,2021-10-20 23:55:33.270708+00:00,736030057419257
andres,-17.356884,-66.200133,-120,2021-10-20 23:55:33.270708+00:00,736030057419257
andres,-17.336536,-66.223237,-71,2021-10-20 23:55:33.270708+00:00,736010912233332
andres,-17.336156,-66.224767,-74,2021-10-20 23:55:33.255082+00:00,736010912233332
andres,-17.336062,-66.225135,-66,2021-10-20 23:55:33.255082+00:00,736010912233332
andres,-17.335832,-66.225924,-68,2021-10-20 23:55:33.239455+00:00,736010912233332
andres,-17.335527,-66.226207,-59,2021-10-20 23:55:33.223830+00:00,736010912233332
andres,-17.335084,-66.226185,-54,2021-10-20 23:55:33.223830+00:00,736010912233332
andres,-17.334795,-66.226178,-57,2021-10-20 23:55:33.223830+00:00,736010912233332
andres,-17.334179,-66.226161,-58,2021-10-20 23:55:33.204201+00:00,736010912233332
andres,-17.333854,-66.226138,-54,2021-10-20 23:55:33.204201+00:00,736010912233332
andres,-17.333497,-66.226124,-60,2021-10-20 23:55:33.203065+00:00,736010912233332
andres,-17.333213,-66.226112,-59,2021-10-20 23:55:33.186314+00:00,736010912233332
andres,-17.333101,-66.226189,-55,2021-10-20 23:55:33.186314+00:00,736010912233332
andres,-17.333072,-66.226439,-62,2021-10-20 23:55:33.186314+00:00,736010912233332
andres,-17.333303,-66.226644,-70,2021-10-20 23:55:33.186314+00:00,736010912233332
andres,-17.333615,-66.226603,-67,2021-10-20 23:55:33.170688+00:00,736010912233332
andres,-17.333644,-66.226588,-66,2021-10-20 23:55:33.170688+00:00,736010912233332
andres,-17.33376,-66.226397,-64,2021-10-20 23:55:33.170688+00:00,736010912233332
andres,-17.333988,-66.226219,-61,2021-10-20 23:55:33.170688+00:00,736010912233332
andres,-17.33719,-66.226493,-57,2021-10-20 23:55:33.155063+00:00,736010912233332
andres,-17.337073,-66.226868,-69,2021-10-20 23:55:33.155063+00:00,736010912233332
andres,-17.336145,-66.229187,-75,2021-10-20 23:55:33.155063+00:00,736010912233332
andres,-17.336064,-66.229892,-73,2021-10-20 23:55:33.139435+00:00,736010912233332
andres,-17.336114,-66.23051,-73,2021-10-20 23:55:33.139435+00:00,736010912233332
andres,-17.336205,-66.231065,-78,2021-10-20 23:55:33.139435+00:00,736010912233332
andres,-17.336249,-66.231566,-84,2021-10-20 23:55:33.139435+00:00,736010912233332
andres,-17.336301,-66.232217,-83,2021-10-20 23:55:33.123811+00:00,736010912233332
andres,-17.336325,-66.23271,-82,2021-10-20 23:55:33.123811+00:00,736010912233332
andres,-17.336339,-66.233275,-82,2021-10-20 23:55:33.123811+00:00,736010912233332
andres,-17.336327,-66.233721,-79,2021-10-20 23:55:33.123811+00:00,736010912233332
andres,-17.336333,-66.234022,-82,2021-10-20 23:55:33.117303+00:00,736010912233332
andres,-17.336391,-66.234512,-89,2021-10-20 23:55:33.101677+00:00,736010912233332
andres,-17.336448,-66.234883,-85,2021-10-20 23:55:33.101677+00:00,736010912233332
andres,-17.336513,-66.235446,-82,2021-10-20 23:55:33.101677+00:00,736010912233332
andres,-17.336617,-66.236176,-87,2021-10-20 23:55:33.101677+00:00,736010912233332
andres,-17.336794,-66.236614,-90,2021-10-20 23:55:33.086052+00:00,736010912233332
andres,-17.3369,-66.237025,-88,2021-10-20 23:55:33.086052+00:00,736010912233332
andres,-17.337042,-66.237509,-85,2021-10-20 23:55:33.086052+00:00,736010912233332
andres,-17.337255,-66.23815,-84,2021-10-20 23:55:33.070425+00:00,736010912233332
andres,-17.337201,-66.238448,-79,2021-10-20 23:55:33.070425+00:00,736010912233332
andres,-17.336804,-66.238372,-80,2021-10-20 23:55:33.070425+00:00,736010912233332
andres,-17.335983,-66.238156,-79,2021-10-20 23:55:33.070425+00:00,736010912233332
andres,-17.335624,-66.238066,-86,2021-10-20 23:55:33.054799+00:00,736010912233332
andres,-17.335202,-66.237942,-83,2021-10-20 23:55:33.054799+00:00,736010912233332
andres,-17.334847,-66.237848,-84,2021-10-20 23:55:33.054799+00:00,736010912233332
andres,-17.334274,-66.237699,-81,2021-10-20 23:55:33.054799+00:00,736010912233332
andres,-17.333948,-66.237594,-82,2021-10-20 23:55:33.039173+00:00,736010912233332
andres,-17.333606,-66.237505,-88,2021-10-20 23:55:33.039173+00:00,736010912233332
andres,-17.332841,-66.237366,-91,2021-10-20 23:55:33.039173+00:00,736010912233332
andres,-17.332504,-66.237793,-82,2021-10-20 23:55:33.023548+00:00,736010912233332
andres,-17.330887,-66.240475,-90,2021-10-20 23:55:33.023548+00:00,736010912233332
andres,-17.330458,-66.240477,-93,2021-10-20 23:55:33.023548+00:00,736010912233332
andres,-17.329615,-66.241636,-89,2021-10-20 23:55:33.023548+00:00,736010912233332
andres,-17.329624,-66.241643,-47,2021-10-20 23:55:33.017042+00:00,736010912233332
andres,-17.329524,-66.241769,-242,2021-10-20 23:55:33.017042+00:00,736010912233332
andres,-17.329531,-66.241767,-94,2021-10-20 23:55:33.001416+00:00,736010912233332
andres,-17.329533,-66.24177,-94,2021-10-20 23:55:33.001416+00:00,736010912233332
andres,-17.329503,-66.241841,-47,2021-10-20 23:55:33.001416+00:00,736010912233332
andres,-17.329275,-66.242347,-84,2021-10-20 23:55:33.001416+00:00,736010912233332
andres,-17.329228,-66.24262,-90,2021-10-20 23:55:32.985790+00:00,736010912233332
andres,-17.32901,-66.243724,-46,2021-10-20 23:55:32.985790+00:00,736010912233332
andres,-17.328969,-66.244119,-48,2021-10-20 23:55:32.985790+00:00,736010912233332
andres,-17.328903,-66.244599,-46,2021-10-20 23:55:32.970169+00:00,736010912233332
andres,-17.328795,-66.245356,-49,2021-10-20 23:55:32.970169+00:00,736010912233332
andres,-17.328712,-66.245992,-52,2021-10-20 23:55:32.970169+00:00,736010912233332
andres,-17.328667,-66.246222,-54,2021-10-20 23:55:32.970169+00:00,736010912233332
andres,-17.328649,-66.24647,-83,2021-10-20 23:55:32.954514+00:00,736010912233332
andres,-17.328679,-66.246534,-88,2021-10-20 23:55:32.954514+00:00,736010912233332
andres,-17.328723,-66.2467,-85,2021-10-20 23:55:32.954514+00:00,736010912233332
andres,-17.328989,-66.247212,-86,2021-10-20 23:55:32.954514+00:00,736010912233332
andres,-17.329758,-66.248051,-88,2021-10-20 23:55:32.938890+00:00,736010912233332
andres,-17.330474,-66.248766,-96,2021-10-20 23:55:32.938890+00:00,736010912233332
andres,-17.330881,-66.249192,-89,2021-10-20 23:55:32.923262+00:00,736010912233332
andres,-17.331267,-66.249605,-87,2021-10-20 23:55:32.923262+00:00,736010912233332
andres,-17.331545,-66.249824,-87,2021-10-20 23:55:32.923262+00:00,736010912233332
andres,-17.331988,-66.250131,-85,2021-10-20 23:55:32.923262+00:00,736010912233332
andres,-17.332234,-66.250579,-73,2021-10-20 23:55:32.916754+00:00,736010912233332
andres,-17.332541,-66.251566,-80,2021-10-20 23:55:32.901129+00:00,736010912233332
andres,-17.332788,-66.252219,-84,2021-10-20 23:55:32.901129+00:00,736010912233332
andres,-17.333269,-66.253373,-85,2021-10-20 23:55:32.901129+00:00,736010912233332
andres,-17.333478,-66.253684,-69,2021-10-20 23:55:32.901129+00:00,736010912233332
andres,-17.334352,-66.254766,-83,2021-10-20 23:55:32.885502+00:00,736010912233332
andres,-17.334818,-66.255386,-79,2021-10-20 23:55:32.885502+00:00,736010912233332
andres,-17.335334,-66.256048,-75,2021-10-20 23:55:32.885502+00:00,736010912233332
andres,-17.335592,-66.256585,-78,2021-10-20 23:55:32.869878+00:00,736010912233332
andres,-17.335753,-66.257021,-74,2021-10-20 23:55:32.869878+00:00,736010912233332
andres,-17.335844,-66.257258,-76,2021-10-20 23:55:32.869878+00:00,736010912233332
andres,-17.335984,-66.257667,-76,2021-10-20 23:55:32.854251+00:00,736010912233332
andres,-17.33611,-66.258066,-69,2021-10-20 23:55:32.854251+00:00,736010912233332
andres,-17.336221,-66.258549,-62,2021-10-20 23:55:32.854251+00:00,736010912233332
andres,-17.336269,-66.258904,-66,2021-10-20 23:55:32.854251+00:00,736010912233332
andres,-17.336321,-66.259426,-62,2021-10-20 23:55:32.838624+00:00,736010912233332
andres,-17.336357,-66.259854,-61,2021-10-20 23:55:32.838624+00:00,736010912233332
andres,-17.336406,-66.260317,-60,2021-10-20 23:55:32.838624+00:00,736010912233332
andres,-17.336396,-66.260737,-62,2021-10-20 23:55:32.822999+00:00,736010912233332
andres,-17.336413,-66.261212,-61,2021-10-20 23:55:32.822999+00:00,736010912233332
andres,-17.336433,-66.261487,-66,2021-10-20 23:55:32.822999+00:00,736010912233332
andres,-17.336686,-66.261951,-66,2021-10-20 23:55:32.822999+00:00,736010912233332
andres,-17.336897,-66.262299,-63,2021-10-20 23:55:32.816492+00:00,736010912233332
andres,-17.337041,-66.262507,-64,2021-10-20 23:55:32.816492+00:00,736010912233332
andres,-17.337288,-66.262874,-56,2021-10-20 23:55:32.800866+00:00,736010912233332
andres,-17.337582,-66.26324,-61,2021-10-20 23:55:32.800866+00:00,736010912233332
andres,-17.337688,-66.263541,-63,2021-10-20 23:55:32.800866+00:00,736010912233332
andres,-17.337768,-66.263855,-53,2021-10-20 23:55:32.800866+00:00,736010912233332
andres,-17.337785,-66.264495,-67,2021-10-20 23:55:32.785240+00:00,736010912233332
andres,-17.337765,-66.264991,-66,2021-10-20 23:55:32.785240+00:00,736010912233332
andres,-17.337792,-66.265485,-55,2021-10-20 23:55:32.785240+00:00,736010912233332
andres,-17.337765,-66.266127,-55,2021-10-20 23:55:32.769614+00:00,736010912233332
andres,-17.337752,-66.266672,-48,2021-10-20 23:55:32.753988+00:00,736010912233332
andres,-17.337712,-66.267145,-56,2021-10-20 23:55:32.716229+00:00,736010912233332
andres,-17.337468,-66.267894,-72,2021-10-20 23:55:32.684977+00:00,736010912233332
andres,-17.337214,-66.268288,-63,2021-10-20 23:55:32.638099+00:00,736010912233332
andres,-17.336904,-66.26842,-81,2021-10-20 23:55:32.584711+00:00,736010912233332
andres,-17.336314,-66.268427,-71,2021-10-20 23:55:32.584711+00:00,736010912233332
andres,-17.336105,-66.268424,-68,2021-10-20 23:55:32.569085+00:00,736010912233332
andres,-17.336206,-66.268256,-66,2021-10-20 23:55:32.569085+00:00,736010912233332
andres,-17.336191,-66.267439,-73,2021-10-20 23:55:32.569085+00:00,736010912233332
andres,-17.336143,-66.267088,-62,2021-10-20 23:55:32.553459+00:00,736010912233332
andres,-17.33644,-66.266868,-53,2021-10-20 23:55:32.553459+00:00,736010912233332
andres,-17.336823,-66.266885,-58,2021-10-20 23:55:32.553459+00:00,736010912233332
andres,-17.337321,-66.266898,-56,2021-10-20 23:55:32.553459+00:00,736010912233332
andres,-17.337796,-66.266903,-62,2021-10-20 23:55:32.537834+00:00,736010912233332
andres,-17.338233,-66.266936,-57,2021-10-20 23:55:32.537834+00:00,736010912233332
andres,-17.338522,-66.266939,-60,2021-10-20 23:55:32.537834+00:00,736010912233332
andres,-17.338586,-66.266923,-58,2021-10-20 23:55:32.522208+00:00,736010912233332
andres,-17.339156,-66.266929,-62,2021-10-20 23:55:32.522208+00:00,736010912233332
andres,-17.339837,-66.266944,-54,2021-10-20 23:55:32.522208+00:00,736010912233332
andres,-17.340515,-66.266993,-52,2021-10-20 23:55:32.522208+00:00,736010912233332
andres,-17.341016,-66.267192,-57,2021-10-20 23:55:32.515700+00:00,736010912233332
andres,-17.341409,-66.267383,-53,2021-10-20 23:55:32.500074+00:00,736010912233332
andres,-17.342267,-66.26739,-54,2021-10-20 23:55:32.500074+00:00,736010912233332
andres,-17.343462,-66.26814,-57,2021-10-20 23:55:32.500074+00:00,736010912233332
andres,-17.343898,-66.268352,-66,2021-10-20 23:55:32.500074+00:00,736010912233332
andres,-17.344482,-66.268434,-61,2021-10-20 23:55:32.484449+00:00,736010912233332
andres,-17.345265,-66.268515,-69,2021-10-20 23:55:32.484449+00:00,736010912233332
andres,-17.345808,-66.268436,-71,2021-10-20 23:55:32.484449+00:00,736010912233332
andres,-17.346376,-66.268355,-63,2021-10-20 23:55:32.468821+00:00,736010912233332
andres,-17.347033,-66.268264,-59,2021-10-20 23:55:32.468821+00:00,736010912233332
andres,-17.348087,-66.268145,-66,2021-10-20 23:55:32.468821+00:00,736010912233332
andres,-17.3488,-66.26813,-78,2021-10-20 23:55:32.453196+00:00,736010912233332
andres,-17.34931,-66.268128,-81,2021-10-20 23:55:32.453196+00:00,736010912233332
andres,-17.350114,-66.268255,-84,2021-10-20 23:55:32.437569+00:00,736010912233332
andres,-17.35015,-66.268605,-84,2021-10-20 23:55:32.437569+00:00,736010912233332
andres,-17.35018,-66.269156,-79,2021-10-20 23:55:32.421944+00:00,736010912233332
andres,-17.350241,-66.27013,-84,2021-10-20 23:55:32.421944+00:00,736010912233332
andres,-17.350229,-66.270473,-77,2021-10-20 23:55:32.421944+00:00,736010912233332
andres,-17.350218,-66.271006,-81,2021-10-20 23:55:32.399810+00:00,736010912233332
andres,-17.350199,-66.271413,-81,2021-10-20 23:55:32.399810+00:00,736010912233332
andres,-17.350289,-66.272525,-75,2021-10-20 23:55:32.384184+00:00,736010912233332
andres,-17.350558,-66.272952,-75,2021-10-20 23:55:32.368558+00:00,736010912233332
andres,-17.350962,-66.272849,-71,2021-10-20 23:55:32.368558+00:00,736010912233332
andres,-17.351321,-66.272705,-71,2021-10-20 23:55:32.352933+00:00,736010912233332
andres,-17.35168,-66.272597,-76,2021-10-20 23:55:32.352933+00:00,736010912233332
andres,-17.351981,-66.272469,-78,2021-10-20 23:55:32.352933+00:00,736010912233332
andres,-17.352451,-66.272458,-84,2021-10-20 23:55:32.337306+00:00,736010912233332
andres,-17.352828,-66.272703,-78,2021-10-20 23:55:32.337306+00:00,736010912233332
andres,-17.353071,-66.273026,-78,2021-10-20 23:55:32.337306+00:00,736010912233332
andres,-17.353623,-66.273461,-82,2021-10-20 23:55:32.321679+00:00,736010912233332
andres,-17.354515,-66.274112,-75,2021-10-20 23:55:32.321679+00:00,736010912233332
andres,-17.354902,-66.27425,-83,2021-10-20 23:55:32.321679+00:00,736010912233332
andres,-17.355318,-66.274328,-84,2021-10-20 23:55:32.299546+00:00,736010912233332
andres,-17.355927,-66.274473,-78,2021-10-20 23:55:32.299546+00:00,736010912233332
andres,-17.356423,-66.274467,-73,2021-10-20 23:55:32.299546+00:00,736010912233332
andres,-17.356859,-66.274587,-72,2021-10-20 23:55:32.283920+00:00,736010912233332
andres,-17.357335,-66.274795,-73,2021-10-20 23:55:32.283920+00:00,736010912233332
andres,-17.357752,-66.274925,-77,2021-10-20 23:55:32.283920+00:00,736010912233332
andres,-17.358238,-66.275041,-84,2021-10-20 23:55:32.268294+00:00,736010912233332
andres,-17.358773,-66.275078,-88,2021-10-20 23:55:32.268294+00:00,736010912233332
andres,-17.359291,-66.275039,-87,2021-10-20 23:55:32.268294+00:00,736010912233332
andres,-17.359854,-66.275057,-83,2021-10-20 23:55:32.252669+00:00,736010912233332
andres,-17.360162,-66.275075,-86,2021-10-20 23:55:32.252669+00:00,736010912233332
andres,-17.360488,-66.275151,-93,2021-10-20 23:55:32.252669+00:00,736010912233332
andres,-17.361069,-66.275261,-85,2021-10-20 23:55:32.252669+00:00,736010912233332
andres,-17.361538,-66.275319,-90,2021-10-20 23:55:32.237042+00:00,736010912233332
andres,-17.362659,-66.275493,-87,2021-10-20 23:55:32.237042+00:00,736010912233332
andres,-17.363328,-66.275607,-85,2021-10-20 23:55:32.237042+00:00,736010912233332
andres,-17.363806,-66.275694,-85,2021-10-20 23:55:32.221417+00:00,736010912233332
andres,-17.364072,-66.275767,-80,2021-10-20 23:55:32.221417+00:00,736010912233332
andres,-17.364547,-66.275914,-91,2021-10-20 23:55:32.221417+00:00,736010912233332
andres,-17.364944,-66.276035,-87,2021-10-20 23:55:32.214909+00:00,736010912233332
andres,-17.36542,-66.276184,-92,2021-10-20 23:55:32.199283+00:00,736010912233332
andres,-17.365971,-66.276348,-90,2021-10-20 23:55:32.199283+00:00,736010912233332
andres,-17.366452,-66.276476,-86,2021-10-20 23:55:32.199283+00:00,736010912233332
andres,-17.367467,-66.276629,-90,2021-10-20 23:55:32.183657+00:00,736010912233332
andres,-17.368416,-66.276772,-86,2021-10-20 23:55:32.183657+00:00,736010912233332
andres,-17.369628,-66.276976,-86,2021-10-20 23:55:32.183657+00:00,736010912233332
andres,-17.370056,-66.277065,-84,2021-10-20 23:55:32.168031+00:00,736010912233332
andres,-17.370552,-66.27715,-85,2021-10-20 23:55:32.152405+00:00,736010912233332
andres,-17.372578,-66.277499,-86,2021-10-20 23:55:32.136779+00:00,736010912233332
andres,-17.374566,-66.277844,-87,2021-10-20 23:55:32.136779+00:00,736010912233332
andres,-17.374818,-66.277872,-87,2021-10-20 23:55:32.083390+00:00,736010912233332
andres,-17.375115,-66.277918,-88,2021-10-20 23:55:32.083390+00:00,736010912233332
andres,-17.375779,-66.278006,-87,2021-10-20 23:55:32.067765+00:00,736010912233332
andres,-17.376559,-66.278081,-87,2021-10-20 23:55:32.067765+00:00,736010912233332
andres,-17.377595,-66.278039,-76,2021-10-20 23:55:32.067765+00:00,736010912233332
andres,-17.378706,-66.277991,-85,2021-10-20 23:55:32.052138+00:00,736010912233332
andres,-17.379257,-66.277965,-79,2021-10-20 23:55:32.052138+00:00,736010912233332
andres,-17.379449,-66.277959,-79,2021-10-20 23:55:32.052138+00:00,736010912233332
andres,-17.379701,-66.277955,-78,2021-10-20 23:55:32.052138+00:00,736010912233332
andres,-17.380339,-66.277931,-85,2021-10-20 23:55:32.036512+00:00,736010912233332
andres,-17.3811,-66.277909,-83,2021-10-20 23:55:32.036512+00:00,736010912233332
andres,-17.381774,-66.277879,-80,2021-10-20 23:55:32.036512+00:00,736010912233332
andres,-17.382495,-66.277694,-83,2021-10-20 23:55:32.020887+00:00,736010912233332
andres,-17.38354,-66.277424,-72,2021-10-20 23:55:32.020887+00:00,736010912233332
andres,-17.384544,-66.277116,-82,2021-10-20 23:55:32.020887+00:00,736010912233332
andres,-17.385514,-66.277108,-80,2021-10-20 23:55:32.014380+00:00,736010912233332
andres,-17.386135,-66.277098,-87,2021-10-20 23:55:32.014380+00:00,736010912233332
andres,-17.386442,-66.277102,-78,2021-10-20 23:55:31.998755+00:00,736010912233332
andres,-17.387068,-66.277066,-83,2021-10-20 23:55:31.998755+00:00,736010912233332
andres,-17.388346,-66.277074,-79,2021-10-20 23:55:31.998755+00:00,736010912233332
andres,-17.388821,-66.277091,-70,2021-10-20 23:55:31.983128+00:00,736010912233332
andres,-17.388852,-66.277079,-71,2021-10-20 23:55:31.983128+00:00,736010912233332
andres,-17.388876,-66.277061,-69,2021-10-20 23:55:31.983128+00:00,736010912233332
andres,-17.389072,-66.277052,-72,2021-10-20 23:55:31.983128+00:00,736010912233332
andres,-17.389667,-66.277046,-75,2021-10-20 23:55:31.967502+00:00,736010912233332
andres,-17.390197,-66.277047,-71,2021-10-20 23:55:31.967502+00:00,736010912233332
andres,-17.390766,-66.277082,-79,2021-10-20 23:55:31.967502+00:00,736010912233332
andres,-17.391153,-66.27715,-70,2021-10-20 23:55:31.951876+00:00,736010912233332
andres,-17.391536,-66.277459,-71,2021-10-20 23:55:31.951876+00:00,736010912233332
andres,-17.392823,-66.278063,-66,2021-10-20 23:55:31.951876+00:00,736010912233332
andres,-17.393548,-66.278101,-60,2021-10-20 23:55:31.951876+00:00,736010912233332
andres,-17.393558,-66.278098,-61,2021-10-20 23:55:31.936250+00:00,736010912233332
andres,-17.393789,-66.278192,-64,2021-10-20 23:55:31.936250+00:00,736010912233332
andres,-17.393977,-66.278122,-69,2021-10-20 23:55:31.936250+00:00,736010912233332
andres,-17.393938,-66.27752,-68,2021-10-20 23:55:31.936250+00:00,736010912233332
andres,-17.393851,-66.27654,-84,2021-10-20 23:55:31.920625+00:00,736010912233332
andres,-17.393752,-66.27554,-71,2021-10-20 23:55:31.920625+00:00,736010912233332
andres,-17.393729,-66.275116,-65,2021-10-20 23:55:31.920625+00:00,736010912233332
andres,-17.393656,-66.274509,-68,2021-10-20 23:55:31.920625+00:00,736010912233332
andres,-17.39355,-66.273581,-77,2021-10-20 23:55:31.914118+00:00,736010912233332
andres,-17.393471,-66.272681,-58,2021-10-20 23:55:31.898492+00:00,736010912233332
andres,-17.393313,-66.271915,-63,2021-10-20 23:55:31.898492+00:00,736010912233332
andres,-17.393207,-66.270743,-67,2021-10-20 23:55:31.898492+00:00,736010912233332
andres,-17.393179,-66.270564,-74,2021-10-20 23:55:31.898492+00:00,736010912233332
andres,-17.393167,-66.270518,-71,2021-10-20 23:55:31.882866+00:00,736010912233332
andres,-17.393117,-66.270251,-64,2021-10-20 23:55:31.882866+00:00,736010912233332
andres,-17.393035,-66.269626,-58,2021-10-20 23:55:31.882866+00:00,736010912233332
andres,-17.39293,-66.268521,-64,2021-10-20 23:55:31.867239+00:00,736010912233332
andres,-17.39278,-66.266997,-79,2021-10-20 23:55:31.867239+00:00,736010912233332
andres,-17.392652,-66.265702,-75,2021-10-20 23:55:31.867239+00:00,736010912233332
andres,-17.392445,-66.263826,-77,2021-10-20 23:55:31.867239+00:00,736010912233332
andres,-17.392311,-66.262514,-78,2021-10-20 23:55:31.851613+00:00,736010912233332
andres,-17.3922,-66.261303,-79,2021-10-20 23:55:31.851613+00:00,736010912233332
andres,-17.392137,-66.260554,-70,2021-10-20 23:55:31.851613+00:00,736010912233332
andres,-17.39214,-66.260529,-73,2021-10-20 23:55:31.851613+00:00,736010912233332
andres,-17.392144,-66.260524,-70,2021-10-20 23:55:31.835988+00:00,736010912233332
andres,-17.39215,-66.260495,-76,2021-10-20 23:55:31.835988+00:00,736010912233332
andres,-17.392115,-66.260115,-65,2021-10-20 23:55:31.835988+00:00,736010912233332
andres,-17.392027,-66.259265,-61,2021-10-20 23:55:31.820362+00:00,736010912233332
andres,-17.391879,-66.257811,-72,2021-10-20 23:55:31.820362+00:00,736010912233332
andres,-17.391772,-66.256823,-69,2021-10-20 23:55:31.820362+00:00,736010912233332
andres,-17.391659,-66.255645,-66,2021-10-20 23:55:31.820362+00:00,736010912233332
andres,-17.391537,-66.254409,-70,2021-10-20 23:55:31.817854+00:00,736010912233332
andres,-17.391421,-66.253276,-73,2021-10-20 23:55:31.802228+00:00,736010912233332
andres,-17.391293,-66.252013,-71,2021-10-20 23:55:31.802228+00:00,736010912233332
andres,-17.391058,-66.248906,-65,2021-10-20 23:55:31.802228+00:00,736010912233332
andres,-17.39095,-66.246626,-80,2021-10-20 23:55:31.802228+00:00,736010912233332
andres,-17.390901,-66.245261,-70,2021-10-20 23:55:31.786602+00:00,736010912233332
andres,-17.39098,-66.243971,-77,2021-10-20 23:55:31.786602+00:00,736010912233332
andres,-17.390819,-66.243794,-74,2021-10-20 23:55:31.786602+00:00,736010912233332
andres,-17.390527,-66.243602,-71,2021-10-20 23:55:31.786602+00:00,736010912233332
andres,-17.39021,-66.243547,-75,2021-10-20 23:55:31.770977+00:00,736010912233332
andres,-17.389744,-66.243565,-71,2021-10-20 23:55:31.770977+00:00,736010912233332
andres,-17.389283,-66.243617,-70,2021-10-20 23:55:31.770977+00:00,736010912233332
andres,-17.389049,-66.243714,-67,2021-10-20 23:55:31.770977+00:00,736010912233332
andres,-17.38908,-66.244245,-75,2021-10-20 23:55:31.755350+00:00,736010912233332
andres,-17.389154,-66.244441,-76,2021-10-20 23:55:31.755350+00:00,736010912233332
andres,-17.389316,-66.244366,-78,2021-10-20 23:55:31.755350+00:00,736010912233332
andres,-17.390139,-66.244502,-79,2021-10-20 23:55:31.739724+00:00,736010912233332
andres,-17.390503,-66.244501,-77,2021-10-20 23:55:31.739724+00:00,736010912233332
andres,-17.390726,-66.244556,-75,2021-10-20 23:55:31.739724+00:00,736010912233332
andres,-17.39099,-66.244377,-78,2021-10-20 23:55:31.724102+00:00,736010912233332
andres,-17.390915,-66.243664,-75,2021-10-20 23:55:31.724102+00:00,736010912233332
andres,-17.390885,-66.241897,-74,2021-10-20 23:55:31.724102+00:00,736010912233332
andres,-17.390894,-66.240545,-66,2021-10-20 23:55:31.722114+00:00,736010912233332
andres,-17.390927,-66.239341,-73,2021-10-20 23:55:31.713942+00:00,736010912233332
andres,-17.390967,-66.239004,-78,2021-10-20 23:55:31.698314+00:00,736010912233332
andres,-17.39097,-66.238994,-73,2021-10-20 23:55:31.698314+00:00,736010912233332
andres,-17.391024,-66.238692,-69,2021-10-20 23:55:31.698314+00:00,736010912233332
andres,-17.391011,-66.237775,-70,2021-10-20 23:55:31.698314+00:00,736010912233332
andres,-17.391055,-66.236664,-68,2021-10-20 23:55:31.682689+00:00,736010912233332
andres,-17.391185,-66.233613,-70,2021-10-20 23:55:31.682689+00:00,736010912233332
andres,-17.391281,-66.231358,-74,2021-10-20 23:55:31.682689+00:00,736010912233332
andres,-17.391305,-66.230893,-66,2021-10-20 23:55:31.667062+00:00,736010912233332
andres,-17.391334,-66.230426,-72,2021-10-20 23:55:31.667062+00:00,736010912233332
andres,-17.391363,-66.229532,-62,2021-10-20 23:55:31.667062+00:00,736010912233332
andres,-17.391403,-66.228482,-55,2021-10-20 23:55:31.651436+00:00,736010912233332
andres,-17.391451,-66.227403,-56,2021-10-20 23:55:31.651436+00:00,736010912233332
andres,-17.391502,-66.226287,-52,2021-10-20 23:55:31.651436+00:00,736010912233332
andres,-17.391566,-66.224852,-56,2021-10-20 23:55:31.651436+00:00,736010912233332
andres,-17.391629,-66.223312,-56,2021-10-20 23:55:31.635810+00:00,736010912233332
andres,-17.391696,-66.221744,-63,2021-10-20 23:55:31.635810+00:00,736010912233332
andres,-17.391759,-66.220554,-70,2021-10-20 23:55:31.635810+00:00,736010912233332
andres,-17.39179,-66.219872,-61,2021-10-20 23:55:31.620185+00:00,736010912233332
andres,-17.391803,-66.219732,-73,2021-10-20 23:55:31.620185+00:00,736010912233332
andres,-17.39181,-66.219722,-70,2021-10-20 23:55:31.620185+00:00,736010912233332
andres,-17.391812,-66.219724,-63,2021-10-20 23:55:31.620185+00:00,736010912233332
andres,-17.39187,-66.218282,-70,2021-10-20 23:55:31.613677+00:00,736010912233332
andres,-17.392004,-66.215177,-73,2021-10-20 23:55:31.598051+00:00,736010912233332
andres,-17.392101,-66.213015,-69,2021-10-20 23:55:31.598051+00:00,736010912233332
andres,-17.392174,-66.211265,-74,2021-10-20 23:55:31.598051+00:00,736010912233332
andres,-17.392246,-66.20951,-72,2021-10-20 23:55:31.598051+00:00,736010912233332
andres,-17.392277,-66.208559,-71,2021-10-20 23:55:31.582425+00:00,736010912233332
andres,-17.392283,-66.208304,-65,2021-10-20 23:55:31.582425+00:00,736010912233332
andres,-17.392135,-66.208108,-55,2021-10-20 23:55:31.582425+00:00,736010912233332
andres,-17.391336,-66.20805,-69,2021-10-20 23:55:31.566799+00:00,736010912233332
andres,-17.390612,-66.207991,-72,2021-10-20 23:55:31.566799+00:00,736010912233332
andres,-17.390145,-66.207971,-48,2021-10-20 23:55:31.566799+00:00,736010912233332
andres,-17.389719,-66.207951,-61,2021-10-20 23:55:31.566799+00:00,736010912233332
andres,-17.388684,-66.207909,-64,2021-10-20 23:55:31.551172+00:00,736010912233332
andres,-17.387189,-66.207884,-81,2021-10-20 23:55:31.551172+00:00,736010912233332
andres,-17.384846,-66.207865,-80,2021-10-20 23:55:31.551172+00:00,736010912233332
andres,-17.384565,-66.20786,-78,2021-10-20 23:55:31.551172+00:00,736010912233332
andres,-17.384551,-66.207859,-78,2021-10-20 23:55:31.535546+00:00,736010912233332
andres,-17.384548,-66.207858,-75,2021-10-20 23:55:31.535546+00:00,736010912233332
andres,-17.383897,-66.207898,-71,2021-10-20 23:55:31.535546+00:00,736010912233332
andres,-17.382995,-66.2079,-74,2021-10-20 23:55:31.519920+00:00,736010912233332
andres,-17.381982,-66.208125,-75,2021-10-20 23:55:31.519920+00:00,736010912233332
andres,-17.381349,-66.207964,-78,2021-10-20 23:55:31.519920+00:00,736010912233332
andres,-17.380778,-66.20779,-80,2021-10-20 23:55:31.519920+00:00,736010912233332
andres,-17.3803,-66.207631,-74,2021-10-20 23:55:31.513413+00:00,736010912233332
andres,-17.379671,-66.207458,-69,2021-10-20 23:55:31.497787+00:00,736010912233332
andres,-17.37934,-66.207446,-73,2021-10-20 23:55:31.497787+00:00,736010912233332
andres,-17.379036,-66.207427,-67,2021-10-20 23:55:31.497787+00:00,736010912233332
andres,-17.378675,-66.207424,-66,2021-10-20 23:55:31.497787+00:00,736010912233332
andres,-17.378312,-66.207428,-72,2021-10-20 23:55:31.482161+00:00,736010912233332
andres,-17.377656,-66.207455,-75,2021-10-20 23:55:31.482161+00:00,736010912233332
andres,-17.376886,-66.20744,-73,2021-10-20 23:55:31.482161+00:00,736010912233332
andres,-17.376429,-66.207436,-66,2021-10-20 23:55:31.466535+00:00,736010912233332
andres,-17.376015,-66.207411,-81,2021-10-20 23:55:31.466535+00:00,736010912233332
andres,-17.375545,-66.20741,-73,2021-10-20 23:55:31.466535+00:00,736010912233332
andres,-17.37513,-66.207414,-73,2021-10-20 23:55:31.466535+00:00,736010912233332
andres,-17.374593,-66.207409,-61,2021-10-20 23:55:31.450909+00:00,736010912233332
andres,-17.373915,-66.207387,-64,2021-10-20 23:55:31.450909+00:00,736010912233332
andres,-17.37314,-66.207382,-67,2021-10-20 23:55:31.450909+00:00,736010912233332
andres,-17.372293,-66.207365,-58,2021-10-20 23:55:31.450909+00:00,736010912233332
andres,-17.371806,-66.20737,-64,2021-10-20 23:55:31.435284+00:00,736010912233332
andres,-17.371279,-66.207373,-58,2021-10-20 23:55:31.435284+00:00,736010912233332
andres,-17.370701,-66.207344,-66,2021-10-20 23:55:31.435284+00:00,736010912233332
andres,-17.370105,-66.207184,-61,2021-10-20 23:55:31.435284+00:00,736010912233332
andres,-17.370306,-66.206783,-56,2021-10-20 23:55:31.419658+00:00,736010912233332
andres,-17.370545,-66.206235,-66,2021-10-20 23:55:31.419658+00:00,736010912233332
andres,-17.371005,-66.205337,-57,2021-10-20 23:55:31.419658+00:00,736010912233332
andres,-17.371349,-66.204581,-54,2021-10-20 23:55:31.413654+00:00,736010912233332
andres,-17.372707,-66.201643,-71,2021-10-20 23:55:31.413654+00:00,736010912233332
andres,-17.373045,-66.201049,-80,2021-10-20 23:55:31.401736+00:00,736010912233332
andres,-17.373195,-66.200714,-74,2021-10-20 23:55:31.401736+00:00,736010912233332
andres,-17.373317,-66.200452,-81,2021-10-20 23:55:31.399718+00:00,736010912233332
andres,-17.373626,-66.199912,-77,2021-10-20 23:55:31.389695+00:00,736010912233332
andres,-17.373984,-66.199178,-73,2021-10-20 23:55:31.389695+00:00,736010912233332
andres,-17.374079,-66.198916,-66,2021-10-20 23:55:31.381670+00:00,736010912233332
andres,-17.373812,-66.19874,-70,2021-10-20 23:55:31.381670+00:00,736010912233332
andres,-17.373373,-66.19849,-69,2021-10-20 23:55:31.371625+00:00,736010912233332
andres,-17.372761,-66.198162,-72,2021-10-20 23:55:31.371625+00:00,736010912233332
andres,-17.372029,-66.197786,-76,2021-10-20 23:55:31.369606+00:00,736010912233332
andres,-17.371249,-66.197467,-69,2021-10-20 23:55:31.361550+00:00,736010912233332
andres,-17.370697,-66.197277,-72,2021-10-20 23:55:31.359521+00:00,736010912233332
andres,-17.370198,-66.197091,-75,2021-10-20 23:55:31.351500+00:00,736010912233332
andres,-17.369233,-66.196753,-68,2021-10-20 23:55:31.351500+00:00,736010912233332
andres,-17.368931,-66.19665,-66,2021-10-20 23:55:31.341446+00:00,736010912233332
andres,-17.368652,-66.196554,-66,2021-10-20 23:55:31.341446+00:00,736010912233332
andres,-17.368008,-66.196352,-67,2021-10-20 23:55:31.339414+00:00,736010912233332
andres,-17.367452,-66.196136,-67,2021-10-20 23:55:31.331407+00:00,736010912233332
andres,-17.367292,-66.196647,-69,2021-10-20 23:55:31.329388+00:00,736010912233332
andres,-17.36706,-66.197863,-78,2021-10-20 23:55:31.321353+00:00,736010912233332
andres,-17.366878,-66.198572,-73,2021-10-20 23:55:31.319332+00:00,736010912233332
andres,-17.366801,-66.198751,-68,2021-10-20 23:55:31.311305+00:00,736010912233332
andres,-17.36611,-66.198558,-65,2021-10-20 23:55:31.309284+00:00,736010912233332
andres,-17.365094,-66.198242,-67,2021-10-20 23:55:31.301246+00:00,736010912233332
andres,-17.364151,-66.197917,-68,2021-10-20 23:55:31.291203+00:00,736010912233332
andres,-17.362223,-66.197238,-60,2021-10-20 23:55:31.291203+00:00,736010912233332
andres,-17.361433,-66.197107,-71,2021-10-20 23:55:31.289183+00:00,736010912233332
andres,-17.361138,-66.197661,-71,2021-10-20 23:55:31.281141+00:00,736010912233332
andres,-17.360841,-66.198233,-68,2021-10-20 23:55:31.279124+00:00,736010912233332
andres,-17.360541,-66.198759,-69,2021-10-20 23:55:31.261039+00:00,736010912233332
andres,-17.360199,-66.199256,-79,2021-10-20 23:55:31.261039+00:00,736010912233332
andres,-17.359536,-66.199038,-79,2021-10-20 23:55:31.250997+00:00,736010912233332
andres,-17.359078,-66.198862,-75,2021-10-20 23:55:31.250997+00:00,736010912233332
andres,-17.35854,-66.19868,-77,2021-10-20 23:55:31.240935+00:00,736010912233332
andres,-17.357812,-66.198454,-81,2021-10-20 23:55:31.240935+00:00,736010912233332
andres,-17.357409,-66.198301,-75,2021-10-20 23:55:31.230897+00:00,736010912233332
andres,-17.356959,-66.19849,-70,2021-10-20 23:55:31.230897+00:00,736010912233332
andres,-17.356845,-66.198925,-80,2021-10-20 23:55:31.228880+00:00,736010912233332
andres,-17.356736,-66.199412,-81,2021-10-20 23:55:31.220846+00:00,736010912233332
andres,-17.356659,-66.199807,-82,2021-10-20 23:55:31.218828+00:00,736010912233332
andy2662,-17.35683,-66.200076,-59,2021-10-20 23:55:31.207807+00:00,736010912233332
andy2662,-17.356814,-66.200046,-66,2021-10-20 23:55:31.207807+00:00,736010912233332
andy2662,-17.356825,-66.200057,-67,2021-10-20 23:55:31.196997+00:00,736010912233332
andy2662,-17.356835,-66.200047,-58,2021-10-20 23:55:31.196997+00:00,736023035923079
andy2662,-17.356857,-66.200054,-50,2021-10-20 23:55:31.181371+00:00,736030057419257
andy2662,-17.356862,-66.200051,-48,2021-10-20 23:55:31.181371+00:00,736030057419257
andy2662,-17.356857,-66.200047,-49,2021-10-20 23:55:31.181371+00:00,736030057419257
andy2662,-17.356851,-66.200075,-58,2021-10-20 23:55:31.165744+00:00,736023035923079
andy2662,-17.395344,-66.15823,-52,2021-10-20 23:55:31.165744+00:00,736023035923079
andy2662,-17.394773,-66.158403,-50,2021-10-20 23:55:31.165744+00:00,736023035923079
andy2662,-17.394566,-66.15792,-48,2021-10-20 23:55:31.150119+00:00,736023035923079
andy2662,-17.392408,-66.157023,-53,2021-10-20 23:55:31.150119+00:00,736023035923079
andy2662,-17.39332,-66.157043,-53,2021-10-20 23:55:31.134493+00:00,736023035923079
andy2662,-17.394955,-66.157371,-51,2021-10-20 23:55:31.134493+00:00,736023035923079
andy2662,-17.395495,-66.157238,-55,2021-10-20 23:55:31.118866+00:00,736023035923079
andy2662,-17.396225,-66.157132,-51,2021-10-20 23:55:31.118866+00:00,736023035923079
andy2662,-17.396455,-66.156769,-50,2021-10-20 23:55:31.118866+00:00,736023035923079
andy2662,-17.396372,-66.156238,-56,2021-10-20 23:55:31.108858+00:00,736023035923079
andy2662,-17.396185,-66.156014,-58,2021-10-20 23:55:31.108858+00:00,736023035923079
andy2662,-17.395737,-66.155999,-65,2021-10-20 23:55:31.108858+00:00,736023035923079
andy2662,-17.39537,-66.156068,-48,2021-10-20 23:55:31.100827+00:00,736023035923079
andy2662,-17.395328,-66.156493,-53,2021-10-20 23:55:31.100827+00:00,736023035923079
andy2662,-17.395345,-66.156857,-47,2021-10-20 23:55:31.090790+00:00,736023035923079
andy2662,-17.395799,-66.15705,-48,2021-10-20 23:55:31.090790+00:00,736023035923079
andy2662,-17.396301,-66.157103,-48,2021-10-20 23:55:31.080732+00:00,736023035923079
andy2662,-17.396864,-66.156988,-46,2021-10-20 23:55:31.080732+00:00,736023035923079
andy2662,-17.397435,-66.156908,-48,2021-10-20 23:55:31.060631+00:00,736023035923079
andy2662,-17.398192,-66.156753,-60,2021-10-20 23:55:31.060631+00:00,736023035923079
andy2662,-17.398365,-66.156708,-47,2021-10-20 23:55:31.058613+00:00,736023035923079
andy2662,-17.398537,-66.156699,-46,2021-10-20 23:55:31.050580+00:00,736023035923079
andy2662,-17.399156,-66.156624,-47,2021-10-20 23:55:31.050580+00:00,736023035923079
andy2662,-17.399421,-66.156877,-49,2021-10-20 23:55:31.040489+00:00,736023035923079
andy2662,-17.399427,-66.15742,-32,2021-10-20 23:55:31.040489+00:00,736023035923079
andy2662,-17.39931,-66.157724,-40,2021-10-20 23:55:31.031943+00:00,736023035923079
andy2662,-17.398916,-66.157626,-48,2021-10-20 23:55:31.031943+00:00,736023035923079
andy2662,-17.398794,-66.157246,-50,2021-10-20 23:55:31.016317+00:00,736023035923079
andy2662,-17.398744,-66.156809,-40,2021-10-20 23:55:31.016317+00:00,736023035923079
andy2662,-17.398734,-66.156448,-57,2021-10-20 23:55:31.000690+00:00,736023035923079
andy2662,-17.398593,-66.15595,-51,2021-10-20 23:55:30.938185+00:00,736023035923079
andy2662,-17.398511,-66.155601,-47,2021-10-20 23:55:30.938185+00:00,736023035923079
andy2662,-17.398449,-66.155166,-49,2021-10-20 23:55:30.938185+00:00,736023035923079
andy2662,-17.398382,-66.154882,-44,2021-10-20 23:55:30.938185+00:00,736023035923079
andy2662,-17.39838,-66.154603,-55,2021-10-20 23:55:30.931678+00:00,736023035923079
andy2662,-17.398245,-66.154397,-54,2021-10-20 23:55:30.931678+00:00,736023035923079
andy2662,-17.398261,-66.154245,-57,2021-10-20 23:55:30.916051+00:00,736023035923079
andy2662,-17.398216,-66.153931,-54,2021-10-20 23:55:30.916051+00:00,736023035923079
andy2662,-17.398168,-66.153636,-57,2021-10-20 23:55:30.916051+00:00,736023035923079
andy2662,-17.398135,-66.153479,-57,2021-10-20 23:55:30.900425+00:00,736023035923079
andy2662,-17.397851,-66.153438,-50,2021-10-20 23:55:30.900425+00:00,736023035923079
andy2662,-17.3974,-66.153468,-36,2021-10-20 23:55:30.900425+00:00,736023035923079
andy2662,-17.397241,-66.153481,-50,2021-10-20 23:55:30.900425+00:00,736023035923079
andy2662,-17.397099,-66.153588,-46,2021-10-20 23:55:30.884800+00:00,736023035923079
andy2662,-17.397091,-66.153986,-46,2021-10-20 23:55:30.884800+00:00,736023035923079
andy2662,-17.397144,-66.1545,-52,2021-10-20 23:55:30.884800+00:00,736023035923079
andy2662,-17.397202,-66.154921,-40,2021-10-20 23:55:30.884800+00:00,736023035923079
andy2662,-17.397251,-66.155583,-56,2021-10-20 23:55:30.869174+00:00,736023035923079
andy2662,-17.397434,-66.15651,-39,2021-10-20 23:55:30.869174+00:00,736023035923079
andy2662,-17.39752,-66.156848,-49,2021-10-20 23:55:30.869174+00:00,736023035923079
andy2662,-17.397528,-66.15721,-51,2021-10-20 23:55:30.853547+00:00,736023035923079
andy2662,-17.397665,-66.157744,-49,2021-10-20 23:55:30.853547+00:00,736023035923079
andy2662,-17.39754,-66.157935,-43,2021-10-20 23:55:30.853547+00:00,736023035923079
andy2662,-17.397003,-66.158033,-49,2021-10-20 23:55:30.853547+00:00,736023035923079
andy2662,-17.396694,-66.157946,-50,2021-10-20 23:55:30.837921+00:00,736023035923079
andy2662,-17.396672,-66.157619,-52,2021-10-20 23:55:30.837921+00:00,736023035923079
andy2662,-17.396603,-66.157298,-58,2021-10-20 23:55:30.837921+00:00,736023035923079
andy2662,-17.396549,-66.156893,-53,2021-10-20 23:55:30.831413+00:00,736023035923079
andy2662,-17.396442,-66.156381,-55,2021-10-20 23:55:30.815786+00:00,736023035923079
andy2662,-17.39639,-66.155959,-57,2021-10-20 23:55:30.815786+00:00,736023035923079
andy2662,-17.396311,-66.155531,-55,2021-10-20 23:55:30.815786+00:00,736023035923079
andy2662,-17.396262,-66.155251,-59,2021-10-20 23:55:30.815786+00:00,736023035923079
andy2662,-17.396202,-66.154857,-49,2021-10-20 23:55:30.800160+00:00,736023035923079
andy2662,-17.396039,-66.154142,-54,2021-10-20 23:55:30.800160+00:00,736023035923079
andy2662,-17.396026,-66.154019,-48,2021-10-20 23:55:30.800160+00:00,736023035923079
andy2662,-17.395967,-66.153898,-50,2021-10-20 23:55:30.800160+00:00,736023035923079
andy2662,-17.395652,-66.153972,-54,2021-10-20 23:55:30.784535+00:00,736023035923079
andy2662,-17.395125,-66.154126,-47,2021-10-20 23:55:30.784535+00:00,736023035923079
andy2662,-17.395063,-66.154415,-55,2021-10-20 23:55:30.784535+00:00,736023035923079
andy2662,-17.395046,-66.15473,-41,2021-10-20 23:55:30.768908+00:00,736023035923079
andy2662,-17.395034,-66.154951,-50,2021-10-20 23:55:30.768908+00:00,736023035923079
andy2662,-17.395095,-66.155346,-56,2021-10-20 23:55:30.768908+00:00,736023035923079
andy2662,-17.39516,-66.155919,-52,2021-10-20 23:55:30.768908+00:00,736023035923079
andy2662,-17.395189,-66.156098,-43,2021-10-20 23:55:30.753282+00:00,736023035923079
andy2662,-17.395196,-66.156151,-48,2021-10-20 23:55:30.753282+00:00,736023035923079
andy2662,-17.395252,-66.156426,-52,2021-10-20 23:55:30.753282+00:00,736023035923079
andy2662,-17.395276,-66.156538,-55,2021-10-20 23:55:30.737656+00:00,736023035923079
andy2662,-17.395298,-66.156631,-58,2021-10-20 23:55:30.731147+00:00,736023035923079
andy2662,-17.395311,-66.156882,-52,2021-10-20 23:55:30.699895+00:00,736023035923079
andy2662,-17.395372,-66.157109,-53,2021-10-20 23:55:30.637391+00:00,736023035923079
andy2662,-17.395391,-66.157449,-49,2021-10-20 23:55:30.599630+00:00,736023035923079
andy2662,-17.395426,-66.157792,-42,2021-10-20 23:55:30.584004+00:00,736023035923079
andy2662,-17.395474,-66.158139,-59,2021-10-20 23:55:30.568378+00:00,736023035923079
andy2662,-17.39521,-66.158283,-49,2021-10-20 23:55:30.568378+00:00,736023035923079
andy2662,-17.394892,-66.158359,-49,2021-10-20 23:55:30.568378+00:00,736023035923079
andy2662,-17.394763,-66.158389,-47,2021-10-20 23:55:30.552752+00:00,736023035923079
andy2662,-17.394392,-66.158493,-51,2021-10-20 23:55:30.552752+00:00,736023035923079
andy2662,-17.393957,-66.158609,-49,2021-10-20 23:55:30.552752+00:00,736023035923079
andy2662,-17.393836,-66.15863,-46,2021-10-20 23:55:30.552752+00:00,736023035923079
andy2662,-17.393441,-66.158668,-53,2021-10-20 23:55:30.537127+00:00,736023035923079
andy2662,-17.393077,-66.15875,-53,2021-10-20 23:55:30.537127+00:00,736023035923079
andy2662,-17.392839,-66.158746,-53,2021-10-20 23:55:30.537127+00:00,736023035923079
andy2662,-17.392584,-66.158641,-55,2021-10-20 23:55:30.537127+00:00,736023035923079
andy2662,-17.392498,-66.158079,-53,2021-10-20 23:55:30.530619+00:00,736023035923079
andy2662,-17.392736,-66.157815,-57,2021-10-20 23:55:30.514994+00:00,736023035923079
andy2662,-17.393293,-66.157665,-52,2021-10-20 23:55:30.514994+00:00,736023035923079
andy2662,-17.393569,-66.157577,-44,2021-10-20 23:55:30.514994+00:00,736023035923079
andy2662,-17.394021,-66.157531,-50,2021-10-20 23:55:30.514994+00:00,736023035923079
andy2662,-17.394282,-66.157439,-50,2021-10-20 23:55:30.499367+00:00,736023035923079
andy2662,-17.394717,-66.157299,-57,2021-10-20 23:55:30.499367+00:00,736023035923079
andy2662,-17.395183,-66.157274,-56,2021-10-20 23:55:30.499367+00:00,736023035923079
andy2662,-17.395354,-66.157196,-57,2021-10-20 23:55:30.499367+00:00,736023035923079
andy2662,-17.395695,-66.157088,-50,2021-10-20 23:55:30.483741+00:00,736023035923079
andy2662,-17.396179,-66.156981,-50,2021-10-20 23:55:30.483741+00:00,736023035923079
andy2662,-17.396331,-66.156108,-55,2021-10-20 23:55:30.483741+00:00,736023035923079
andy2662,-17.395925,-66.156088,-64,2021-10-20 23:55:30.483741+00:00,736023035923079
andy2662,-17.392744,-66.158861,-43,2021-10-20 23:55:30.468116+00:00,736023035923079
andy2662,-17.392758,-66.154012,-60,2021-10-20 23:55:30.468116+00:00,736023035923079
andy2662,-17.392848,-66.154393,-60,2021-10-20 23:55:30.468116+00:00,736023035923079
andy2662,-17.393019,-66.155226,-53,2021-10-20 23:55:30.468116+00:00,736023035923079
andy2662,-17.392925,-66.15537,-56,2021-10-20 23:55:30.452490+00:00,736023035923079
andy2662,-17.393012,-66.155766,-52,2021-10-20 23:55:30.452490+00:00,736023035923079
andy2662,-17.393078,-66.156003,-41,2021-10-20 23:55:30.452490+00:00,736023035923079
andy2662,-17.393167,-66.156383,-50,2021-10-20 23:55:30.436864+00:00,736023035923079
andy2662,-17.393225,-66.156499,-53,2021-10-20 23:55:30.436864+00:00,736023035923079
andy2662,-17.39279,-66.156566,-59,2021-10-20 23:55:30.436864+00:00,736023035923079
andy2662,-17.392719,-66.156916,-56,2021-10-20 23:55:30.436864+00:00,736023035923079
andy2662,-17.392389,-66.156314,-55,2021-10-20 23:55:30.430356+00:00,736023035923079
andy2662,-17.392242,-66.155637,-69,2021-10-20 23:55:30.430356+00:00,736023035923079
andy2662,-17.392873,-66.155417,-61,2021-10-20 23:55:30.414730+00:00,736023035923079
andy2662,-17.393599,-66.155269,-57,2021-10-20 23:55:30.414730+00:00,736023035923079
andy2662,-17.393985,-66.155237,-54,2021-10-20 23:55:30.414730+00:00,736023035923079
andy2662,-17.394304,-66.155225,-53,2021-10-20 23:55:30.399104+00:00,736023035923079
andy2662,-17.394487,-66.155228,-62,2021-10-20 23:55:30.399104+00:00,736023035923079
andy2662,-17.394893,-66.155163,-60,2021-10-20 23:55:30.399104+00:00,736023035923079
andy2662,-17.395015,-66.155074,-54,2021-10-20 23:55:30.399104+00:00,736023035923079
andy2662,-17.395163,-66.155291,-53,2021-10-20 23:55:30.383478+00:00,736023035923079
andy2662,-17.395301,-66.15571,-60,2021-10-20 23:55:30.383478+00:00,736023035923079
andy2662,-17.395301,-66.156026,-61,2021-10-20 23:55:30.383478+00:00,736023035923079
andy2662,-17.394942,-66.156148,-62,2021-10-20 23:55:30.367852+00:00,736023035923079
andy2662,-17.394531,-66.15622,-53,2021-10-20 23:55:30.367852+00:00,736023035923079
andy2662,-17.394392,-66.156331,-48,2021-10-20 23:55:30.367852+00:00,736023035923079
andy2662,-17.394028,-66.156363,-51,2021-10-20 23:55:30.367852+00:00,736023035923079
andy2662,-17.393523,-66.1564,-48,2021-10-20 23:55:30.352225+00:00,736023035923079
andy2662,-17.393338,-66.156494,-57,2021-10-20 23:55:30.352225+00:00,736023035923079
andy2662,-17.392781,-66.156621,-59,2021-10-20 23:55:30.352225+00:00,736023035923079
andy2662,-17.392359,-66.156689,-55,2021-10-20 23:55:30.336600+00:00,736023035923079
andy2662,-17.391892,-66.156802,-66,2021-10-20 23:55:30.336600+00:00,736023035923079
andy2662,-17.391409,-66.156854,-65,2021-10-20 23:55:30.336600+00:00,736023035923079
andy2662,-17.391293,-66.156877,-66,2021-10-20 23:55:30.330092+00:00,736023035923079
andy2662,-17.390906,-66.15694,-54,2021-10-20 23:55:30.330092+00:00,736023035923079
andy2662,-17.390458,-66.157011,-47,2021-10-20 23:55:30.314465+00:00,736023035923079
andy2662,-17.390027,-66.157077,-51,2021-10-20 23:55:30.314465+00:00,736023035923079
andy2662,-17.389526,-66.157225,-49,2021-10-20 23:55:30.314465+00:00,736023035923079
andy2662,-17.388952,-66.157297,-55,2021-10-20 23:55:30.298840+00:00,736023035923079
andy2662,-17.388417,-66.157353,-41,2021-10-20 23:55:30.298840+00:00,736023035923079
andy2662,-17.388091,-66.157432,-48,2021-10-20 23:55:30.298840+00:00,736023035923079
andy2662,-17.387459,-66.157561,-52,2021-10-20 23:55:30.283214+00:00,736023035923079
andy2662,-17.387181,-66.157721,-51,2021-10-20 23:55:30.283214+00:00,736023035923079
andy2662,-17.386713,-66.157748,-43,2021-10-20 23:55:30.283214+00:00,736023035923079
andy2662,-17.385389,-66.157894,-44,2021-10-20 23:55:30.283214+00:00,736023035923079
andy2662,-17.386,-66.157266,-56,2021-10-20 23:55:30.267588+00:00,736023035923079
andy2662,-17.386329,-66.157039,-47,2021-10-20 23:55:30.267588+00:00,736023035923079
andy2662,-17.38642,-66.157022,-45,2021-10-20 23:55:30.267588+00:00,736023035923079
andy2662,-17.386692,-66.156855,-46,2021-10-20 23:55:30.267588+00:00,736023035923079
andy2662,-17.387399,-66.15634,-51,2021-10-20 23:55:30.251961+00:00,736023035923079
andy2662,-17.387721,-66.156272,-56,2021-10-20 23:55:30.251961+00:00,736023035923079
andy2662,-17.38827,-66.156265,-53,2021-10-20 23:55:30.251961+00:00,736023035923079
andy2662,-17.388602,-66.15619,-44,2021-10-20 23:55:30.236336+00:00,736023035923079
andy2662,-17.389079,-66.156114,-57,2021-10-20 23:55:30.236336+00:00,736023035923079
andy2662,-17.389427,-66.156113,-69,2021-10-20 23:55:30.236336+00:00,736023035923079
andy2662,-17.389706,-66.156085,-63,2021-10-20 23:55:30.236336+00:00,736023035923079
andy2662,-17.390227,-66.15597,-63,2021-10-20 23:55:30.229829+00:00,736023035923079
andy2662,-17.390809,-66.155423,-62,2021-10-20 23:55:30.214202+00:00,736023035923079
andy2662,-17.39054,-66.154831,-55,2021-10-20 23:55:30.214202+00:00,736023035923079
andy2662,-17.390072,-66.154836,-65,2021-10-20 23:55:30.214202+00:00,736023035923079
andy2662,-17.389839,-66.154833,-50,2021-10-20 23:55:30.214202+00:00,736023035923079
andy2662,-17.389239,-66.154979,-46,2021-10-20 23:55:30.198576+00:00,736023035923079
andy2662,-17.388821,-66.155042,-46,2021-10-20 23:55:30.198576+00:00,736023035923079
andy2662,-17.38853,-66.155078,-49,2021-10-20 23:55:30.198576+00:00,736023035923079
andy2662,-17.387762,-66.155257,-59,2021-10-20 23:55:30.182950+00:00,736023035923079
andy2662,-17.387639,-66.155351,-58,2021-10-20 23:55:30.182950+00:00,736023035923079
andy2662,-17.387456,-66.155723,-55,2021-10-20 23:55:30.182950+00:00,736023035923079
andy2662,-17.387154,-66.155918,-49,2021-10-20 23:55:30.182950+00:00,736023035923079
andy2662,-17.386737,-66.156218,-37,2021-10-20 23:55:30.167324+00:00,736023035923079
andy2662,-17.384953,-66.15789,-47,2021-10-20 23:55:30.167324+00:00,736023035923079
andy2662,-17.385813,-66.157378,-46,2021-10-20 23:55:30.167324+00:00,736023035923079
andy2662,-17.38627,-66.157048,-44,2021-10-20 23:55:30.167324+00:00,736023035923079
andy2662,-17.386579,-66.156943,-43,2021-10-20 23:55:30.151698+00:00,736023035923079
andy2662,-17.38677,-66.157356,-47,2021-10-20 23:55:30.151698+00:00,736023035923079
andy2662,-17.386888,-66.157514,-46,2021-10-20 23:55:30.151698+00:00,736023035923079
andy2662,-17.387073,-66.15802,-59,2021-10-20 23:55:30.151698+00:00,736023035923079
andy2662,-17.387147,-66.15845,-55,2021-10-20 23:55:30.136072+00:00,736023035923079
andy2662,-17.387481,-66.158578,-58,2021-10-20 23:55:30.136072+00:00,736023035923079
andy2662,-17.387915,-66.15863,-68,2021-10-20 23:55:30.136072+00:00,736023035923079
andy2662,-17.388319,-66.158689,-66,2021-10-20 23:55:30.136072+00:00,736023035923079
andy2662,-17.388897,-66.158622,-60,2021-10-20 23:55:30.129565+00:00,736023035923079
andy2662,-17.38996,-66.158401,-55,2021-10-20 23:55:30.113939+00:00,736023035923079
andy2662,-17.390406,-66.158278,-53,2021-10-20 23:55:30.113939+00:00,736023035923079
andy2662,-17.391219,-66.158033,-45,2021-10-20 23:55:30.113939+00:00,736023035923079
andy2662,-17.391967,-66.157935,-58,2021-10-20 23:55:30.113939+00:00,736023035923079
andy2662,-17.392218,-66.157848,-56,2021-10-20 23:55:30.098313+00:00,736023035923079
andy2662,-17.392392,-66.158158,-56,2021-10-20 23:55:30.098313+00:00,736023035923079
andy2662,-17.392493,-66.158628,-50,2021-10-20 23:55:30.098313+00:00,736023035923079
andy2662,-17.392499,-66.158735,-48,2021-10-20 23:55:30.082687+00:00,736023035923079
andy2662,-17.392378,-66.158806,-54,2021-10-20 23:55:30.082687+00:00,736023035923079
andy2662,-17.391546,-66.158874,-48,2021-10-20 23:55:30.082687+00:00,736023035923079
andy2662,-17.391997,-66.158956,-38,2021-10-20 23:55:30.082687+00:00,736023035923079
andy2662,-17.391226,-66.159128,-49,2021-10-20 23:55:30.067060+00:00,736023035923079
andy2662,-17.390871,-66.159198,-51,2021-10-20 23:55:30.067060+00:00,736023035923079
andy2662,-17.390472,-66.159212,-56,2021-10-20 23:55:30.067060+00:00,736023035923079
andy2662,-17.389944,-66.159325,-56,2021-10-20 23:55:30.067060+00:00,736023035923079
andy2662,-17.389504,-66.15946,-54,2021-10-20 23:55:30.051435+00:00,736023035923079
andy2662,-17.389138,-66.159541,-62,2021-10-20 23:55:30.051435+00:00,736023035923079
andy2662,-17.388329,-66.159685,-55,2021-10-20 23:55:30.051435+00:00,736023035923079
andy2662,-17.387741,-66.159799,-60,2021-10-20 23:55:30.051435+00:00,736023035923079
andy2662,-17.387339,-66.159874,-54,2021-10-20 23:55:30.035809+00:00,736023035923079
andy2662,-17.386505,-66.160029,-56,2021-10-20 23:55:30.035809+00:00,736023035923079
andy2662,-17.386137,-66.15997,-61,2021-10-20 23:55:30.035809+00:00,736023035923079
andy2662,-17.385783,-66.159966,-58,2021-10-20 23:55:30.029301+00:00,736023035923079
andy2662,-17.385513,-66.160044,-53,2021-10-20 23:55:30.029301+00:00,736023035923079
andy2662,-17.385306,-66.160256,-56,2021-10-20 23:55:30.013674+00:00,736023035923079
andy2662,-17.384886,-66.160273,-62,2021-10-20 23:55:30.013674+00:00,736023035923079
andy2662,-17.384679,-66.160341,-58,2021-10-20 23:55:30.013674+00:00,736023035923079
andy2662,-17.384381,-66.160354,-45,2021-10-20 23:55:30.013674+00:00,736023035923079
andy2662,-17.383716,-66.160532,-50,2021-10-20 23:55:29.998049+00:00,736023035923079
andy2662,-17.383116,-66.160603,-55,2021-10-20 23:55:29.998049+00:00,736023035923079
andy2662,-17.382622,-66.160496,-53,2021-10-20 23:55:29.998049+00:00,736023035923079
andy2662,-17.382631,-66.160014,-47,2021-10-20 23:55:29.998049+00:00,736023035923079
andy2662,-17.383028,-66.1596,-47,2021-10-20 23:55:29.982423+00:00,736023035923079
andy2662,-17.383592,-66.159253,-36,2021-10-20 23:55:29.982423+00:00,736023035923079
andy2662,-17.384253,-66.158722,-28,2021-10-20 23:55:29.982423+00:00,736023035923079
andy2662,-17.384916,-66.158298,-46,2021-10-20 23:55:29.966796+00:00,736023035923079
andy2662,-17.38519,-66.158161,-42,2021-10-20 23:55:29.966796+00:00,736023035923079
andy2662,-17.385458,-66.158167,-40,2021-10-20 23:55:29.966796+00:00,736023035923079
andy2662,-17.385612,-66.158506,-41,2021-10-20 23:55:29.966796+00:00,736023035923079
andy2662,-17.385808,-66.158716,-47,2021-10-20 23:55:29.951171+00:00,736023035923079
andy2662,-17.386352,-66.158835,-45,2021-10-20 23:55:29.951171+00:00,736023035923079
andy2662,-17.387408,-66.158711,-51,2021-10-20 23:55:29.951171+00:00,736023035923079
andy2662,-17.388084,-66.158608,-51,2021-10-20 23:55:29.951171+00:00,736023035923079
andy2662,-17.387919,-66.158011,-47,2021-10-20 23:55:29.935545+00:00,736023035923079
andy2662,-17.38773,-66.157765,-42,2021-10-20 23:55:29.935545+00:00,736023035923079
andy2662,-17.387492,-66.157703,-45,2021-10-20 23:55:29.935545+00:00,736023035923079
andy2662,-17.387155,-66.157731,-45,2021-10-20 23:55:29.929038+00:00,736023035923079
andy2662,-17.386818,-66.157755,-49,2021-10-20 23:55:29.929038+00:00,736023035923079
andy2662,-17.38578,-66.157943,-46,2021-10-20 23:55:29.913412+00:00,736023035923079
